Symbol,Sector,ListedIn,LDCP,Open,High,Low,Current,Change,ChangePct,Volume
CNERGY,0825,"ALLSHR,JSMFI,KMIALLSHR,KSE100,KSE100PR",13.92,13.78,13.78,12.96,12.97,-0.95,-6.82%,78845159
FCSC,0813,ALLSHR,4.88,5.06,5.88,4.05,5.35,0.47,9.63%,40561321
PRL,0825,"ALLSHR,JSMFI,KMI30,KMIALLSHR",98.71,95.5,95.5,88.84,88.84,-9.87,-10.00%,39895368
TISL,0818,"ALLSHR,KMIALLSHR",4.36,4.45,4.71,4.2,4.3,-0.06,-1.38%,31664093
TSBL,0813,ALLSHR,2.46,2.4,2.6,2.39,2.56,0.1,4.06%,31060566
PACE,0838,ALLSHR,10.67,10.81,11.42,10.78,10.95,0.28,2.62%,19614432
IREIT,0836,"ALLSHR,KMIALLSHR",8.0,8.09,9.0,7.93,8.4,0.4,5.00%,18006993
THCCL,0804,"ALLSHR,JSMFI,KMIALLSHR",79.68,83.0,83.97,78.51,79.0,-0.68,-0.85%,15790091
BOP,0807,"ALLSHR,BKTI,JSGBKTI,KSE100,KSE100PR,KSE30,PSXDIV20",34.88,35.25,35.44,34.78,34.9,0.02,0.06%,15713827
FNEL,0813,ALLSHR,1.18,1.18,1.22,1.17,1.19,0.01,0.85%,15409039
WTL,0828,ALLSHR,1.13,1.14,1.14,1.11,1.12,-0.01,-0.88%,14858547
TPL,0828,ALLSHR,23.85,24.0,24.58,23.7,24.5,0.65,2.73%,13161770
DCL,0804,"ALLSHR,KMIALLSHR",10.34,10.42,11.19,10.4,11.03,0.69,6.67%,12934832
WAVESAPPR,0803,ALLSHR,0.53,0.59,0.59,0.39,0.41,-0.12,-22.64%,12333862
MDTL,0828,ALLSHR,6.66,7.15,7.66,7.08,7.66,1.0,15.02%,12195545
KOSM,0830,ALLSHR,5.56,5.63,5.9,5.47,5.59,0.03,0.54%,9945082
PASLNC,0813,ALLSHR,2.39,2.47,2.8,2.45,2.59,0.2,8.37%,9689555
CSIL,0812,ALLSHR,5.74,5.84,6.05,5.73,5.77,0.03,0.52%,9649413
KEL,0824,"ALLSHR,KMIALLSHR,KSE100,KSE100PR,MII30",7.12,7.05,7.3,7.05,7.15,0.03,0.42%,9436565
PIAHCLA,0813,ALLSHR,24.79,25.08,26.3,24.69,25.3,0.51,2.06%,8227291
HASCOLNC,0821,ALLSHR,21.16,21.25,21.5,20.73,20.79,-0.37,-1.75%,8184872
LSEFSL,0813,ALLSHR,3.66,3.89,4.28,3.72,3.84,0.18,4.92%,7156106
ASL,0808,"ACI,ALLSHR,KMIALLSHR",16.59,16.96,16.96,16.01,16.09,-0.5,-3.01%,6975584
MLCF,0804,"ACI,ALLSHR,JSMFI,KMI30,KMIALLSHR,KSE100,KSE100PR,KSE30,MII30,MZNPI",101.46,101.01,102.25,98.76,98.78,-2.68,-2.64%,6847964
PIBTL,0833,"ALLSHR,KMIALLSHR,KSE100,KSE100PR",16.5,16.5,16.65,16.1,16.18,-0.32,-1.94%,5663752
SGPLR,0824,ALLSHR,10.64,10.97,10.97,9.65,9.79,-0.85,-7.99%,5271535
OBOY,0821,ALLSHR,17.68,17.9,18.97,17.9,18.14,0.46,2.60%,5179619
FDPL,0813,ALLSHR,4.67,4.67,5.33,4.67,5.05,0.38,8.14%,4811479
CLVL,0833,ALLSHR,49.43,50.0,54.37,47.0,51.1,1.67,3.38%,4680788
LSECL,0813,ALLSHR,6.15,6.17,6.55,6.17,6.29,0.14,2.28%,4446687
DSIL,0830,ALLSHR,9.46,9.45,10.0,9.32,9.69,0.23,2.43%,4280943
YOUW,0831,"ALLSHR,KSE100,KSE100PR",5.14,5.21,5.44,5.1,5.21,0.07,1.36%,4003466
DSLNC,0808,"ALLSHR,KMIALLSHR",4.73,4.79,5.08,4.7,4.95,0.22,4.65%,3996562
IPAKXB,0822,"ALLSHR,KMIALLSHR",42.24,43.0,44.29,41.5,42.5,0.26,0.62%,3908554
FCL,0803,"ALLSHR,KMIALLSHR",27.33,27.46,28.22,27.45,27.6,0.27,0.99%,3894997
TELE,0828,"ALLSHR,KMIALLSHR",8.23,8.25,8.49,8.15,8.2,-0.03,-0.36%,3853890
UNITY,0810,"ALLSHR,KMIALLSHR",8.93,8.71,9.09,8.55,8.65,-0.28,-3.13%,3821992
FPJM,0819,"ALLSHR,KMIALLSHR",20.84,19.21,22.92,19.21,22.92,2.08,9.98%,3642204
ITANZ,0828,"ALLSHR,KMIALLSHR",35.74,35.52,39.31,35.52,39.31,3.57,9.99%,3435555
SGPL,0824,"ALLSHR,KMIALLSHR",32.45,34.84,34.84,30.49,30.8,-1.65,-5.08%,3309856
STL,0828,"ALLSHR,KMIALLSHR",25.57,25.47,26.06,24.76,25.52,-0.05,-0.20%,3243699
SSGC,0821,"ALLSHR,JSMFI,KMI30,KMIALLSHR,KSE100,KSE100PR,KSE30",27.45,27.5,27.6,26.75,26.77,-0.68,-2.48%,3227132
BECO,0808,"ALLSHR,KMIALLSHR",4.69,4.75,4.75,4.57,4.66,-0.03,-0.64%,3138184
ZUMA,0828,ALLSHR,22.59,22.45,22.89,21.8,22.0,-0.59,-2.61%,3123840
PPL,0820,"ALLSHR,JSMFI,KMI30,KMIALLSHR,KSE100,KSE100PR,KSE30,MII30,MZNPI,NBPPGI,NITPGI,OGTI",227.29,227.29,228.99,222.01,223.49,-3.8,-1.67%,2901982
OGDC,0820,"ALLSHR,KMI30,KMIALLSHR,KSE100,KSE100PR,KSE30,MII30,MZNPI,NBPPGI,NITPGI,OGTI",328.8,328.44,328.7,320.25,320.4,-8.4,-2.55%,2790314
TPLRF1,0836,"ALLSHR,KMIALLSHR,KSE100,KSE100PR",9.75,9.8,9.89,9.64,9.66,-0.09,-0.92%,2785761
AKBL,0807,"ALLSHR,KSE100,KSE100PR",108.66,108.66,110.97,107.5,110.35,1.69,1.56%,2672989
FFL,0810,"ACI,ALLSHR,KMI30,KMIALLSHR,KSE100,KSE100PR",15.29,15.29,15.3,14.91,14.99,-0.3,-1.96%,2641653
SLM,0802,"ALLSHR,KMIALLSHR",24.1,24.12,24.26,23.96,23.99,-0.11,-0.46%,2357826
FCCL,0804,"ACI,ALLSHR,KMI30,KMIALLSHR,KSE100,KSE100PR,KSE30,MII30",54.48,54.49,54.49,53.45,53.65,-0.83,-1.52%,2336126
NETSOL,0828,"ALLSHR,KMIALLSHR",124.16,124.87,130.0,123.0,127.45,3.29,2.65%,2223134
AICL,0812,"ALLSHR,KSE100,KSE100PR",93.91,95.5,101.0,95.0,96.31,2.4,2.56%,2222561
EPCLPS,0805,ALLSHR,13.4,13.25,13.5,13.2,13.22,-0.18,-1.34%,2201804
GDL,0810,"ALLSHR,KMIALLSHR",16.84,16.84,18.15,16.84,17.37,0.53,3.15%,2059569
TPLP,0838,ALLSHR,14.46,14.51,14.7,14.25,14.31,-0.15,-1.04%,2045785
SPSL,0821,"ALLSHR,KMIALLSHR",16.35,16.35,16.37,16.05,16.13,-0.22,-1.35%,1862238
AGHA,0808,ALLSHR,7.0,7.0,7.2,6.93,6.98,-0.02,-0.29%,1805593
LOTCHEM,0805,"ALLSHR,KMIALLSHR,KSE100,KSE100PR",26.71,26.75,26.75,25.98,26.16,-0.55,-2.06%,1765613
BNL,0810,"ALLSHR,KMIALLSHR",6.15,6.18,6.35,6.05,6.12,-0.03,-0.49%,1674254
FCEPL,0810,"ALLSHR,KMIALLSHR",149.92,151.0,152.01,147.01,148.21,-1.71,-1.14%,1669524
NRL,0825,"ALLSHR,JSMFI,KMI30,KMIALLSHR,KSE30",507.38,500.2,506.0,485.4,486.5,-20.88,-4.11%,1651272
DGKC,0804,"ACI,ALLSHR,KMI30,KMIALLSHR,KSE100,KSE100PR,KSE30,MII30,MZNPI",206.53,206.94,207.02,202.69,202.79,-3.74,-1.81%,1634626
UBL,0807,"ALLSHR,BKTI,JSGBKTI,KSE100,KSE100PR,KSE30,NBPPGI,NITPGI,PSXDIV20,UPP9",440.83,440.0,441.0,428.0,429.0,-11.83,-2.68%,1580889
BAFL,0807,"ALLSHR,BKTI,JSGBKTI,KSE100,KSE100PR,PSXDIV20",56.24,56.3,56.53,56.05,56.24,0.0,0.00%,1524069
PAEL,0803,"ALLSHR,KMI30,KMIALLSHR,KSE100,KSE100PR,KSE30,MII30",38.84,38.9,39.0,38.4,38.41,-0.43,-1.11%,1445295
NICL,0805,ALLSHR,266.18,266.2,266.99,250.0,259.88,-6.3,-2.37%,1360824
CPHL,0823,"ALLSHR,KMI30,KMIALLSHR,KSE100,KSE100PR",75.18,75.77,75.77,72.55,72.66,-2.52,-3.35%,1278392
LSEVL,0813,ALLSHR,12.81,12.55,13.24,12.1,12.25,-0.56,-4.37%,1248953
WAVESAPP,0803,ALLSHR,8.9,8.92,8.94,8.71,8.71,-0.19,-2.14%,1219493
MZNPETF,0837,,17.74,17.77,17.77,17.6,17.72,-0.02,-0.11%,1209000
PREMA,0810,"ALLSHR,KMIALLSHR",35.49,35.6,35.6,33.89,33.95,-1.54,-4.34%,1203682
AVN,0828,"ALLSHR,KMIALLSHR",29.01,29.01,30.7,28.82,29.99,0.98,3.38%,1201544
SLGL,0833,"ALLSHR,KMIALLSHR",15.17,15.2,15.6,15.19,15.25,0.08,0.53%,1192344
ENGROH,0813,"ALLSHR,KMI30,KMIALLSHR,KSE100,KSE100PR,KSE30,MII30,MZNPI,NBPPGI,NITPGI,UPP9",270.82,269.99,270.9,268.15,270.3,-0.52,-0.19%,1165059
PSX,0813,"ALLSHR,KSE100,KSE100PR",49.37,49.37,49.64,48.38,48.8,-0.57,-1.15%,1099081
TRG,0828,"ALLSHR,KSE100,KSE100PR",54.61,54.98,55.16,54.37,54.6,-0.01,-0.02%,1079022
TPLT,0828,ALLSHR,32.99,33.0,34.2,32.95,34.19,1.2,3.64%,1075358
FCELNC,0813,ALLSHR,5.16,5.39,6.16,5.01,5.25,0.09,1.74%,1022084
ZAL,0828,"ALLSHR,KMIALLSHR",39.24,40.0,41.48,39.41,40.78,1.54,3.93%,1007588
ALAC,0812,ALLSHR,20.23,20.7,22.25,20.2,22.25,2.02,9.99%,986850
MWMP,0818,"ALLSHR,KMIALLSHR",68.97,69.5,75.87,69.5,75.87,6.9,10.00%,968570
POWER,0804,"ALLSHR,KMIALLSHR,KSE100,KSE100PR",22.49,22.2,22.5,22.0,22.4,-0.09,-0.40%,967758
MACFL,0822,"ALLSHR,KMIALLSHR",59.95,59.79,61.4,58.2,61.3,1.35,2.25%,964479
WASL,0819,"ALLSHR,KMIALLSHR",6.47,6.62,6.7,6.5,6.55,0.08,1.24%,963903
SYS,0828,"ALLSHR,KMI30,KMIALLSHR,KSE100,KSE100PR,KSE30,MII30,NBPPGI,NITPGI,UPP9",126.98,127.05,127.49,125.5,126.68,-0.3,-0.24%,946212
PTC,0828,"ALLSHR,KSE100,KSE100PR",67.32,67.7,67.7,65.3,65.56,-1.76,-2.61%,943339
HUBC,0824,"ALLSHR,KMI30,KMIALLSHR,KSE100,KSE100PR,KSE30,MII30,MZNPI,NBPPGI,NITPGI,PSXDIV20,UPP9",207.44,206.3,207.65,205.89,206.49,-0.95,-0.46%,915206
SPAC1,0813,ALLSHR,14.4,14.49,15.84,14.2,15.84,1.44,10.00%,861374
AHCL,0809,"ALLSHR,KSE100,KSE100PR,PSXDIV20",15.85,15.86,16.05,15.8,15.85,0.0,0.00%,827542
PSO,0821,"ACI,ALLSHR,JSMFI,KMI30,KMIALLSHR,KSE100,KSE100PR,KSE30,MII30,MZNPI",360.7,359.0,362.3,358.0,359.16,-1.54,-0.43%,825659
MFL,0810,"ALLSHR,KMIALLSHR",43.35,43.5,44.5,40.7,40.9,-2.45,-5.65%,817690
CLOV,0810,"ALLSHR,KMIALLSHR",6.49,6.5,6.6,6.4,6.53,0.04,0.62%,794977
NPL,0824,"ALLSHR,KSE100,KSE100PR",65.71,65.01,65.69,64.5,64.6,-1.11,-1.69%,784711
LOADS,0802,"ALLSHR,KMIALLSHR",13.05,13.1,13.35,12.92,13.0,-0.05,-0.38%,774246
FANM,0819,"ALLSHR,KMIALLSHR",10.43,10.1,10.75,9.6,9.81,-0.62,-5.94%,773771
ILP,0829,"ACI,ALLSHR,KMIALLSHR,KSE100,KSE100PR,MII30",107.29,108.0,108.09,104.8,107.0,-0.29,-0.27%,761123
TREET,0810,"ALLSHR,KMI30,KMIALLSHR",22.87,22.82,23.08,22.4,22.46,-0.41,-1.79%,755597
NBP,0807,"ALLSHR,BKTI,JSGBKTI,KSE100,KSE100PR,KSE30,NBPPGI,PSXDIV20",186.77,187.2,187.2,183.7,184.0,-2.77,-1.48%,749965
OCTOPUS,0828,"ALLSHR,KMIALLSHR",28.47,28.75,31.32,28.4,31.32,2.85,10.01%,746657
PTL,0802,"ALLSHR,KMIALLSHR",54.66,53.98,54.4,52.75,53.25,-1.41,-2.58%,719854
PPP,0822,"ALLSHR,KMIALLSHR",186.75,188.02,198.0,168.08,168.08,-18.67,-10.00%,680606
TOWL,0829,"ALLSHR,KMIALLSHR",190.42,190.0,209.46,177.1,209.46,19.04,10.00%,663107
NCPL,0824,ALLSHR,56.86,56.9,57.3,56.31,56.5,-0.36,-0.63%,657428
MIIETFXD,0837,,16.53,16.6,16.6,16.4,16.51,-0.02,-0.12%,636500
BLUEX,0833,"ALLSHR,KMIALLSHR",6.67,6.76,6.76,6.6,6.64,-0.03,-0.45%,611624
GCIL,0805,"ALLSHR,KMIALLSHR",34.49,34.26,34.5,34.04,34.15,-0.34,-0.99%,611051
SYM,0828,"ALLSHR,KMIALLSHR",12.82,12.8,12.94,12.66,12.77,-0.05,-0.39%,610118
WAVES,0803,"ALLSHR,KMIALLSHR",10.0,9.96,10.02,9.86,9.9,-0.1,-1.00%,603039
GRR,0836,ALLSHR,22.53,22.53,22.75,22.41,22.52,-0.01,-0.04%,594502
BERG,0805,"ALLSHR,KMIALLSHR",134.83,135.49,138.2,127.6,127.65,-7.18,-5.32%,588414
GGGL,0811,"ALLSHR,KMIALLSHR",8.02,8.22,8.22,7.86,7.98,-0.04,-0.50%,578615
GHGL,0811,"ALLSHR,KMIALLSHR,KSE100,KSE100PR",41.71,41.71,42.25,41.19,42.25,0.54,1.30%,561392
SNGP,0821,"ACI,ALLSHR,KMI30,KMIALLSHR,KSE100,KSE100PR,KSE30,MII30",99.65,99.75,99.97,97.79,98.0,-1.65,-1.66%,560843
ASCNC,0810,"ALLSHR,KMIALLSHR",9.9,9.99,10.1,9.5,9.63,-0.27,-2.73%,560375
GGL,0805,"ALLSHR,KMIALLSHR",22.05,22.31,22.39,21.71,22.2,0.15,0.68%,560149
HMB,0807,"ALLSHR,KSE100,KSE100PR,PSXDIV20",100.73,100.1,101.49,99.85,99.85,-0.88,-0.87%,550681
KML,0829,ALLSHR,9.01,9.0,9.35,8.8,8.9,-0.11,-1.22%,548970
SEARL,0823,"ACI,ALLSHR,KMI30,KMIALLSHR,KSE100,KSE100PR,KSE30,MII30",84.4,84.24,85.15,83.81,84.43,0.03,0.04%,520068
TOMCL,0810,"ALLSHR,KMIALLSHR",35.52,35.6,35.8,34.91,35.08,-0.44,-1.24%,512847
ASTL,0808,ALLSHR,15.13,15.04,15.45,15.0,15.0,-0.13,-0.86%,503692
AMTEXNC,0830,ALLSHR,4.0,4.08,4.23,3.99,4.07,0.07,1.75%,493364
MERIT,0822,"ALLSHR,KMIALLSHR",9.62,9.55,10.23,9.52,10.01,0.39,4.05%,489101
MEBL,0807,"ALLSHR,BKTI,JSGBKTI,KMI30,KMIALLSHR,KSE100,KSE100PR,KSE30,MII30,MZNPI,NBPPGI,NITPGI,UPP9",565.46,565.46,567.0,562.0,565.1,-0.36,-0.06%,487772
FFC,0809,"ALLSHR,KMI30,KMIALLSHR,KSE100,KSE100PR,KSE30,MII30,MZNPI,NBPPGI,NITPGI,PSXDIV20,UPP9",548.11,548.88,549.0,544.0,544.99,-3.12,-0.57%,485980
PAKRI,0812,ALLSHR,16.48,16.48,16.59,16.25,16.25,-0.23,-1.40%,483586
NRSL,0805,"ALLSHR,KMIALLSHR",39.03,39.86,40.51,39.31,39.8,0.77,1.97%,472818
NML,0829,"ACI,ALLSHR,KMI30,KMIALLSHR,KSE100,KSE100PR,MII30",140.18,140.5,141.28,137.51,137.8,-2.38,-1.70%,454852
ADMM,0829,ALLSHR,55.81,57.0,61.39,56.5,60.39,4.58,8.21%,435995
ATRL,0825,"ALLSHR,JSMFI,KMI30,KMIALLSHR,KSE100,KSE100PR,KSE30,MII30,MZNPI",1106.52,1100.0,1100.0,1072.0,1072.94,-33.58,-3.03%,429257
TRSM,0819,"ALLSHR,KMIALLSHR",15.95,16.19,16.19,15.25,15.4,-0.55,-3.45%,429077
LUCK,0804,"ACI,ALLSHR,KMI30,KMIALLSHR,KSE100,KSE100PR,KSE30,MII30,MZNPI,NBPPGI,NITPGI,UPP9",433.12,434.0,434.0,427.5,428.9,-4.22,-0.97%,423779
DFML,0801,ALLSHR,16.98,16.8,17.27,16.8,16.91,-0.07,-0.41%,423320
KAPCO,0824,"ALLSHR,KSE100,KSE100PR,PSXDIV20",27.0,27.05,27.23,26.9,26.98,-0.02,-0.07%,399001
KTML,0829,"ACI,ALLSHR,KMIALLSHR,KSE100,KSE100PR",42.85,42.88,43.56,42.75,43.45,0.6,1.40%,396541
GATM,0829,"ACI,ALLSHR,KMIALLSHR",23.44,23.6,23.6,23.08,23.55,0.11,0.47%,395945
RPL,0822,"ALLSHR,KMIALLSHR",15.45,15.25,16.0,15.05,15.69,0.24,1.55%,394590
INIL,0808,"ALLSHR,KMIALLSHR,KSE100,KSE100PR",166.15,167.99,173.9,166.15,167.01,0.86,0.52%,389246
CEPB,0822,"ALLSHR,KMIALLSHR",27.26,27.48,27.48,27.0,27.1,-0.16,-0.59%,374195
STPL,0818,ALLSHR,8.56,8.68,8.68,8.5,8.58,0.02,0.23%,361576
EFERT,0809,"ALLSHR,KMI30,KMIALLSHR,KSE100,KSE100PR,KSE30,MII30,NBPPGI,PSXDIV20,UPP9",190.93,190.93,191.0,188.05,189.2,-1.73,-0.91%,352735
AIRLINK,0828,"ALLSHR,KMI30,KMIALLSHR,KSE100,KSE100PR,KSE30",132.64,132.59,132.59,130.6,130.6,-2.04,-1.54%,347867
SNBL,0807,ALLSHR,20.74,20.74,21.0,20.74,20.88,0.14,0.68%,345709
JVDC,0838,"ALLSHR,KMIALLSHR,KSE100,KSE100PR,MII30",145.28,145.0,146.1,142.76,144.2,-1.08,-0.74%,343064
SPAC2,0813,ALLSHR,13.9,13.55,14.87,13.52,14.01,0.11,0.79%,339227
GCWL,0805,"ALLSHR,KMIALLSHR",15.32,15.36,15.59,15.17,15.24,-0.08,-0.52%,331718
ALTN,0824,ALLSHR,7.09,7.09,7.16,6.97,7.0,-0.09,-1.27%,319224
HBL,0807,"ALLSHR,BKTI,JSGBKTI,KSE100,KSE100PR,KSE30,NBPPGI,NITPGI,PSXDIV20,UPP9",313.68,313.5,314.0,311.5,311.99,-1.69,-0.54%,318818
SELECT,0828,"ALLSHR,KMIALLSHR",27.94,27.89,28.09,27.42,27.52,-0.42,-1.50%,306543
QTECH,0828,"ALLSHR,KMIALLSHR",40.24,40.5,41.4,39.35,39.5,-0.74,-1.84%,306013
TCORP,0826,"ALLSHR,KMIALLSHR",20.01,20.47,20.47,19.25,20.0,-0.01,-0.05%,300252
MSOT,0839,ALLSHR,180.45,182.0,185.0,178.1,182.18,1.73,0.96%,297404
HICLXB,0812,ALLSHR,9.03,9.2,9.2,8.91,9.01,-0.02,-0.22%,293641
IMS,0813,ALLSHR,20.38,19.9,20.47,19.55,20.0,-0.38,-1.86%,292218
HRPL,0826,"ALLSHR,KMIALLSHR",23.61,24.95,24.95,22.75,23.4,-0.21,-0.89%,290786
DIIL,0818,ALLSHR,77.07,82.9,84.78,77.5,84.78,7.71,10.00%,288844
JSMFETF,0837,,11.06,11.27,11.27,10.85,10.99,-0.07,-0.63%,288000
DOL,0805,"ALLSHR,KMIALLSHR",29.49,29.71,30.12,29.49,30.0,0.51,1.73%,279026
EPCL,0805,"ALLSHR,KMIALLSHR",34.68,34.68,34.85,34.0,34.59,-0.09,-0.26%,274594
WAHDAT,0810,"ALLSHR,KMIALLSHR",15.65,15.65,15.9,15.3,15.58,-0.07,-0.45%,271150
DCR,0836,"ALLSHR,KMIALLSHR,KSE100,KSE100PR",40.42,40.43,40.94,40.43,40.53,0.11,0.27%,266974
MARI,0820,"ALLSHR,KMI30,KMIALLSHR,KSE100,KSE100PR,KSE30,MII30,MZNPI,NBPPGI,NITPGI,OGTI",664.49,665.0,666.99,659.7,661.79,-2.7,-0.41%,265230
MCB,0807,"ALLSHR,BKTI,JSGBKTI,KSE100,KSE100PR,KSE30,NBPPGI,NITPGI,PSXDIV20",399.58,399.51,400.0,392.0,393.0,-6.58,-1.65%,261664
TBL,0802,ALLSHR,9.36,9.27,9.37,9.26,9.3,-0.06,-0.64%,261371
BBFL,0810,"ALLSHR,KMIALLSHR",41.83,42.32,42.4,41.23,41.49,-0.34,-0.81%,255644
STCL,0811,"ALLSHR,KMIALLSHR",10.12,10.3,10.34,9.92,9.92,-0.2,-1.98%,253745
HUMNL,0828,"ALLSHR,KSE100,KSE100PR",10.21,10.2,10.34,10.1,10.15,-0.06,-0.59%,249854
SARC,0805,"ALLSHR,KMIALLSHR",100.09,103.0,107.73,97.01,101.5,1.41,1.41%,248412
GAL,0801,"ALLSHR,JSMFI,KMI30,KMIALLSHR,KSE100,KSE100PR,KSE30",646.57,650.0,650.0,630.1,632.9,-13.67,-2.11%,245258
CSAP,0808,"ACI,ALLSHR,KMIALLSHR,PSXDIV20",98.2,98.3,98.99,91.11,94.31,-3.89,-3.96%,241436
BIPLXD,0807,"ALLSHR,KMIALLSHR",25.99,26.3,26.3,25.51,25.8,-0.19,-0.73%,221648
ITTEFAQ,0808,"ALLSHR,KMIALLSHR",8.48,8.35,8.63,8.35,8.4,-0.08,-0.94%,211789
JSBL,0807,ALLSHR,12.71,13.13,13.19,12.4,12.65,-0.06,-0.47%,210103
DBCINC,0804,ALLSHR,12.02,12.1,12.21,11.8,12.0,-0.02,-0.17%,209915
FECTC,0804,"ALLSHR,KMIALLSHR",103.81,103.95,110.0,103.0,105.26,1.45,1.40%,209884
HCAR,0801,"ALLSHR,KMI30,KMIALLSHR,KSE100,KSE100PR",235.35,234.0,235.9,230.21,230.7,-4.65,-1.98%,209579
FABL,0807,"ALLSHR,KMIALLSHR,KSE100,KSE100PR,MII30,PSXDIV20",94.48,94.48,94.9,94.05,94.38,-0.1,-0.11%,203830
FIBLM,0819,"ALLSHR,KMIALLSHR",15.88,15.53,16.98,15.11,16.18,0.3,1.89%,201328
FTMM,0819,"ALLSHR,KMIALLSHR",18.63,18.99,20.49,18.1,20.49,1.86,9.98%,198452
ICIBL,0813,ALLSHR,17.66,17.97,17.97,16.7,16.92,-0.74,-4.19%,196315
EPQL,0824,"ALLSHR,KMIALLSHR",24.16,24.21,24.25,23.11,23.91,-0.25,-1.03%,195113
HTL,0821,"ALLSHR,KMIALLSHR",40.05,40.1,40.1,37.3,39.0,-1.05,-2.62%,192657
ASTM,0830,"ALLSHR,KMIALLSHR",118.31,114.9,127.98,108.5,118.52,0.21,0.18%,187656
GSPMNC,0830,ALLSHR,7.21,7.39,7.39,6.33,6.36,-0.85,-11.79%,182126
BCL,0808,"ALLSHR,KMIALLSHR",84.85,84.9,84.9,78.0,78.95,-5.9,-6.95%,180726
MTL,0801,"ACI,ALLSHR,KMIALLSHR,KSE100,KSE100PR,MII30,PSXDIV20",305.05,305.0,307.0,303.01,306.71,1.66,0.54%,173085
FTSM,0819,"ALLSHR,KMIALLSHR",47.33,47.0,47.7,42.6,42.6,-4.73,-9.99%,172953
BAHLXD,0807,"ALLSHR,BKTI,JSGBKTI,KSE100,KSE100PR,NBPPGI,NITPGI,PSXDIV20",159.87,159.85,159.99,156.89,157.01,-2.86,-1.79%,167866
AKDSL,0813,ALLSHR,37.22,37.49,37.49,36.61,37.1,-0.12,-0.32%,167162
RUBYNC,0830,"ALLSHR,KMIALLSHR",22.69,23.4,24.96,22.06,24.96,2.27,10.00%,167108
UBLPETF,0837,,29.05,29.05,29.05,28.88,28.88,-0.17,-0.58%,167000
BML,0807,ALLSHR,55.41,55.41,56.0,54.31,54.38,-1.03,-1.86%,166120
MUGHAL,0808,"ACI,ALLSHR,KMIALLSHR",77.43,77.0,77.45,76.43,76.48,-0.95,-1.23%,160007
PAKQATAR,0812,"ALLSHR,KMIALLSHR",18.79,18.71,18.9,18.48,18.58,-0.21,-1.12%,158199
DFSM,0830,"ALLSHR,KMIALLSHR",13.63,14.0,14.05,13.19,13.3,-0.33,-2.42%,154749
TCORPCPS,0826,ALLSHR,10.76,11.0,11.0,9.99,10.3,-0.46,-4.27%,154716
ISL,0808,"ACI,ALLSHR,KMIALLSHR,KSE100,KSE100PR,PSXDIV20",89.75,89.77,90.0,88.3,88.49,-1.26,-1.40%,151757
EMCO,0803,"ALLSHR,KMIALLSHR",40.32,40.76,41.4,40.04,40.11,-0.21,-0.52%,150144
HIRATNC,0830,ALLSHR,6.21,6.28,6.36,6.2,6.25,0.04,0.64%,149256
SPEL,0822,"ALLSHR,KMIALLSHR",43.51,43.5,43.5,42.4,43.0,-0.51,-1.17%,136771
786,0813,ALLSHR,22.41,22.66,22.7,21.66,21.92,-0.49,-2.19%,134791
FATIMA,0809,"ALLSHR,KMIALLSHR,KSE100,KSE100PR,MII30",153.55,153.99,153.99,151.1,152.71,-0.84,-0.55%,133057
NEXT,0813,ALLSHR,14.5,13.52,15.86,13.51,15.44,0.94,6.48%,131676
BFAGRO,0810,"ALLSHR,KMIALLSHR",32.3,32.02,32.48,31.74,31.98,-0.32,-0.99%,130961
SHDT,0830,"ALLSHR,KMIALLSHR",55.64,56.01,59.0,54.9,55.3,-0.34,-0.61%,129377
TSMF,0806,ALLSHR,15.17,15.98,16.69,15.01,16.69,1.52,10.02%,120640
KOHC,0804,"ALLSHR,KMIALLSHR,KSE100,KSE100PR",92.69,92.73,92.79,91.1,92.0,-0.69,-0.74%,119139
PPVCNC,0805,ALLSHR,38.04,41.0,41.84,38.0,41.84,3.8,9.99%,118432
KOHTM,0830,"ALLSHR,KMIALLSHR",115.27,114.01,115.98,109.0,109.9,-5.37,-4.66%,118293
BGL,0811,ALLSHR,10.03,10.0,10.33,10.0,10.22,0.19,1.89%,116360
IMAGE,0839,"ALLSHR,KMIALLSHR",26.4,26.01,26.05,25.65,25.9,-0.5,-1.89%,106691
FFLM,0819,"ALLSHR,KMIALLSHR",13.42,13.4,13.75,13.21,13.26,-0.16,-1.19%,106444
CHCC,0804,"ALLSHR,KMIALLSHR,KSE100,KSE100PR,MII30",299.85,300.0,302.0,291.0,295.01,-4.84,-1.61%,104516
POL,0820,"ALLSHR,KSE100,KSE100PR,KSE30,PSXDIV20",730.21,732.0,732.0,726.5,729.5,-0.71,-0.10%,103166
PKGI,0812,ALLSHR,43.42,47.65,47.65,39.08,47.09,3.67,8.45%,102936
GUSMWU,0830,ALLSHR,10.68,10.23,10.85,9.61,9.61,-1.07,-10.02%,100056
AGSML,0826,ALLSHR,8.89,8.97,9.02,8.76,8.82,-0.07,-0.79%,99246
SINDM,0819,"ALLSHR,KMIALLSHR",29.32,29.33,31.89,28.75,30.51,1.19,4.06%,98097
AHL,0813,ALLSHR,135.0,135.89,137.5,135.0,135.5,0.5,0.37%,93429
BRRG,0838,"ALLSHR,KMIALLSHR",44.51,44.5,44.5,40.62,44.0,-0.51,-1.15%,92381
JATM,0830,"ALLSHR,KMIALLSHR",42.68,41.22,41.49,38.5,39.0,-3.68,-8.62%,92267
SMCPL,0804,"ALLSHR,KMIALLSHR",41.02,40.53,43.07,40.11,41.49,0.47,1.15%,90480
GWLC,0804,"ALLSHR,KMIALLSHR",53.92,53.93,53.93,52.12,52.5,-1.42,-2.63%,90196
ECOP,0818,"ALLSHR,KMIALLSHR",49.03,49.2,50.14,48.7,49.8,0.77,1.57%,89448
FCIBL,0813,ALLSHR,30.83,31.98,33.91,28.99,33.1,2.27,7.36%,88622
NCL,0829,ALLSHR,36.27,36.01,36.3,35.75,35.99,-0.28,-0.77%,88503
RUPL,0827,"ALLSHR,KMIALLSHR",30.97,30.35,32.4,28.27,30.0,-0.97,-3.13%,86702
NATF,0810,"ACI,ALLSHR,KSE100,KSE100PR,PSXDIV20",370.96,370.96,371.0,365.0,367.49,-3.47,-0.93%,86149
AGPXD,0823,"ALLSHR,KMIALLSHR,KSE100,KSE100PR",163.83,163.01,163.88,162.09,162.5,-1.33,-0.81%,85942
SPWL,0824,ALLSHR,8.47,8.5,8.52,8.35,8.4,-0.07,-0.83%,84665
PRET,0830,ALLSHR,529.68,516.0,582.65,516.0,567.85,38.17,7.21%,82944
GRYL,0815,ALLSHR,20.49,20.85,22.4,20.08,20.96,0.47,2.29%,82425
SRVI,0816,"ALLSHR,KMIALLSHR,KSE100,KSE100PR,MII30",189.64,190.01,192.0,187.51,190.9,1.26,0.66%,79788
BAPL,0805,ALLSHR,37.96,37.96,39.9,36.02,37.5,-0.46,-1.21%,79153
FLYNG,0804,"ALLSHR,KMIALLSHR",40.45,40.07,41.38,38.88,40.4,-0.05,-0.12%,77472
UCAPM,0819,ALLSHR,6.21,6.12,6.34,6.12,6.22,0.01,0.16%,77087
CTM,0830,ALLSHR,6.67,6.78,6.8,6.61,6.7,0.03,0.45%,77086
SHNI,0812,ALLSHR,8.46,8.41,8.78,8.25,8.5,0.04,0.47%,76635
ANL,0829,"ALLSHR,KMIALLSHR",9.82,9.82,10.0,9.7,9.8,-0.02,-0.20%,75760
NBPGETFXD,0837,,27.35,27.33,27.33,26.9,26.9,-0.45,-1.64%,75000
KOHE,0824,"ALLSHR,KMIALLSHR",15.81,15.81,15.96,15.1,15.49,-0.32,-2.02%,74536
CPPL,0822,"ALLSHR,KMIALLSHR",103.03,104.9,104.9,102.99,103.5,0.47,0.46%,74426
GLAXOXD,0823,"ACI,ALLSHR,KMIALLSHR,KSE100,KSE100PR,MII30",323.01,323.02,323.5,320.0,320.5,-2.51,-0.78%,73995
PIOC,0804,"ALLSHR,KMIALLSHR,KSE100,KSE100PR",258.7,258.8,260.45,255.0,255.5,-3.2,-1.24%,72737
PILNC,0812,ALLSHR,5.35,5.35,5.35,5.04,5.3,-0.05,-0.93%,72491
TGL,0811,"ALLSHR,KMIALLSHR,KSE100,KSE100PR",178.04,178.95,178.95,175.0,175.49,-2.55,-1.43%,72306
CHBL,0829,ALLSHR,9.0,9.05,9.14,9.0,9.0,0.0,0.00%,72082
IBLHL,0823,"ALLSHR,KMIALLSHR",46.05,46.46,46.9,45.01,45.4,-0.65,-1.41%,71988
KSBP,0808,"ALLSHR,KMIALLSHR",224.41,228.4,233.0,222.0,226.0,1.59,0.71%,71516
ABLXD,0807,"ALLSHR,KSE100,KSE100PR",171.21,172.0,172.0,168.51,169.99,-1.22,-0.71%,71269
SAZEW,0801,"ACI,ALLSHR,KMI30,KMIALLSHR,KSE100,KSE100PR,KSE30,MII30",1850.13,1850.13,1850.13,1801.3,1808.88,-41.25,-2.23%,67418
THALL,0802,"ALLSHR,KSE100,KSE100PR",591.11,599.0,599.96,555.0,560.0,-31.11,-5.26%,65987
TATM,0830,"ALLSHR,KMIALLSHR",155.97,154.0,159.45,153.05,155.79,-0.18,-0.11%,65980
WAFI,0821,"ALLSHR,KMIALLSHR",167.78,170.0,170.0,164.01,165.5,-2.28,-1.36%,65034
HWQSNC,0826,ALLSHR,18.69,19.0,19.49,18.5,19.0,0.31,1.66%,64358
LEUL,0816,"ALLSHR,KMIALLSHR",79.74,87.71,87.71,87.71,87.71,7.97,10.00%,63306
PICT,0833,"ALLSHR,KMIALLSHR",43.06,44.44,44.44,42.76,43.0,-0.06,-0.14%,61986
SLYTWU,0830,ALLSHR,19.47,20.0,20.74,18.6,19.99,0.52,2.67%,61387
CLCPS,0829,ALLSHR,3.51,3.59,3.59,3.35,3.45,-0.06,-1.71%,58640
KOIL,0829,ALLSHR,39.63,39.5,40.4,39.07,39.2,-0.43,-1.08%,58369
SGF,0816,"ALLSHR,KMIALLSHR",116.53,115.1,116.55,114.52,115.0,-1.53,-1.31%,56359
DNCC,0804,"ALLSHR,KMIALLSHR",16.23,16.3,16.76,16.01,16.48,0.25,1.54%,51240
JSCL,0813,ALLSHR,21.4,21.5,22.0,21.28,21.55,0.15,0.70%,49782
PQGTL,0812,"ALLSHR,KMIALLSHR",13.22,13.47,13.47,13.2,13.22,0.0,0.00%,48389
GATI,0827,"ALLSHR,KMIALLSHR",90.13,91.0,91.0,87.0,87.3,-2.83,-3.14%,47128
NITGETFXD,0837,,34.0,34.0,35.8,33.66,33.67,-0.33,-0.97%,46500
PINL,0812,ALLSHR,11.5,11.23,11.68,11.16,11.54,0.04,0.35%,46284
GHNI,0801,"ALLSHR,KMI30,KMIALLSHR,KSE100,KSE100PR,KSE30",1292.08,1298.99,1298.99,1266.01,1270.0,-22.08,-1.71%,45903
TSPL,0824,ALLSHR,15.49,15.71,15.89,15.02,15.45,-0.04,-0.26%,45492
FML,0829,"ALLSHR,KMIALLSHR",50.01,50.02,51.75,49.5,51.0,0.99,1.98%,44686
TPLL,0812,ALLSHR,20.46,21.0,21.0,20.0,20.44,-0.02,-0.10%,43214
SAIF,0830,ALLSHR,44.83,43.26,45.35,42.01,43.89,-0.94,-2.10%,42903
SBL,0807,ALLSHR,13.74,13.89,13.89,13.45,13.71,-0.03,-0.22%,42846
DLL,0813,ALLSHR,48.0,49.49,52.0,47.0,49.0,1.0,2.08%,42734
FEM,0819,"ALLSHR,KMIALLSHR",11.87,11.87,11.87,11.4,11.55,-0.32,-2.70%,41522
ORM,0819,"ALLSHR,KMIALLSHR",11.05,11.08,11.22,10.85,10.88,-0.17,-1.54%,40998
GTYR,0802,"ALLSHR,KMIALLSHR",28.69,28.98,28.98,28.5,28.65,-0.04,-0.14%,40533
KOHP,0824,ALLSHR,21.94,21.57,21.98,21.2,21.5,-0.44,-2.00%,40389
BPL,0821,"ALLSHR,KMIALLSHR",54.07,54.4,54.4,52.0,52.15,-1.92,-3.55%,40302
AGIL,0802,"ALLSHR,KMIALLSHR",160.35,160.6,162.25,156.1,157.05,-3.3,-2.06%,37601
FEROZ,0823,"ALLSHR,KMIALLSHR",367.47,368.0,384.0,367.47,372.0,4.53,1.23%,37231
ICL,0805,"ALLSHR,KMIALLSHR",132.46,132.2,134.1,132.0,133.39,0.93,0.70%,36075
PASMNC,0829,ALLSHR,9.4,9.89,9.9,8.7,8.7,-0.7,-7.45%,35318
BFBIO,0823,"ALLSHR,KMIALLSHR",129.68,129.68,129.8,128.01,129.12,-0.56,-0.43%,35270
RICL,0812,ALLSHR,12.39,12.4,12.6,11.6,12.18,-0.21,-1.69%,34712
AGL,0809,ALLSHR,43.94,44.4,44.4,43.01,43.6,-0.34,-0.77%,34612
HALEONXD,0823,"ALLSHR,KMIALLSHR,KSE100,KSE100PR",718.11,717.0,717.0,701.1,703.0,-15.11,-2.10%,34422
ASHT,0831,"ALLSHR,KMIALLSHR",37.8,36.2,37.88,34.98,36.79,-1.01,-2.67%,31237
MSCL,0808,"ALLSHR,KMIALLSHR",23.04,23.0,23.5,22.5,22.5,-0.54,-2.34%,31165
SRR,0836,"ALLSHR,KMIALLSHR",16.9,16.5,17.2,16.5,17.0,0.1,0.59%,31100
SKRSNC,0826,"ALLSHR,KMIALLSHR",27.2,27.01,27.98,27.01,27.06,-0.14,-0.51%,30846
JLICLXD,0812,ALLSHR,113.05,114.0,114.0,112.51,112.51,-0.54,-0.48%,30488
UNIC,0812,ALLSHR,11.86,11.94,12.0,11.7,11.75,-0.11,-0.93%,30411
LCI,0805,"ALLSHR,KMIALLSHR,KSE100,KSE100PR",217.1,216.95,218.9,216.5,217.8,0.7,0.32%,29272
CJPLWU,0814,ALLSHR,19.22,19.25,19.7,18.2,18.68,-0.54,-2.81%,29092
BUXL,0805,"ALLSHR,KMIALLSHR",989.14,1000.0,1088.05,1000.0,1088.05,98.91,10.00%,29083
GAMONNC,0818,ALLSHR,22.16,22.77,24.38,22.11,22.5,0.34,1.53%,28770
DWSMNC,0826,"ALLSHR,KMIALLSHR",6.54,6.41,6.69,6.41,6.45,-0.09,-1.38%,27233
DAAG,0805,"ALLSHR,KMIALLSHR",96.83,98.0,106.51,94.02,101.0,4.17,4.31%,26263
FHAM,0819,"ALLSHR,KMIALLSHR,KSE100,KSE100PR",32.5,32.52,32.87,31.51,32.25,-0.25,-0.77%,25463
ANSM,0826,ALLSHR,26.04,26.94,27.0,25.56,25.56,-0.48,-1.84%,24629
ARUJNC,0829,ALLSHR,10.93,10.98,11.0,10.51,10.94,0.01,0.09%,24623
COLG,0810,"ALLSHR,KMIALLSHR,KSE100,KSE100PR,MII30",1194.78,1190.0,1206.0,1189.1,1190.0,-4.78,-0.40%,24573
PAKT,0832,"ALLSHR,KSE100,KSE100PR",1392.26,1370.0,1380.0,1361.0,1365.0,-27.26,-1.96%,24320
JSML,0826,"ALLSHR,KMIALLSHR",55.93,56.0,56.4,53.1,55.5,-0.43,-0.77%,23702
PAKL,0816,ALLSHR,53.86,57.5,57.5,52.1,55.99,2.13,3.96%,23668
PIM,0819,"ALLSHR,KMIALLSHR",46.77,51.45,51.45,49.0,51.45,4.68,10.01%,22270
APL,0821,"ALLSHR,KSE100,KSE100PR,PSXDIV20",584.99,585.01,585.01,576.1,578.5,-6.49,-1.11%,22196
JDMT,0830,"ALLSHR,KMIALLSHR",133.39,134.98,137.85,130.0,132.5,-0.89,-0.67%,22051
MEHT,0829,"ALLSHR,KMIALLSHR,KSE100,KSE100PR",139.64,140.95,142.0,139.1,139.12,-0.52,-0.37%,21773
PABC,0818,"ALLSHR,KSE100,KSE100PR",99.03,99.11,99.5,96.01,97.95,-1.08,-1.09%,21425
FPRM,0819,"ALLSHR,KMIALLSHR",10.82,10.82,10.82,10.5,10.52,-0.3,-2.77%,21075
BFMOD,0819,"ALLSHR,KMIALLSHR",23.32,23.99,24.0,23.35,23.6,0.28,1.20%,20947
DEL,0813,ALLSHR,18.65,18.65,19.2,18.01,18.92,0.27,1.45%,20697
ARCTM,0830,"ALLSHR,KMIALLSHR",44.54,44.51,44.98,42.1,42.61,-1.93,-4.33%,20622
LIVEN,0823,"ALLSHR,KMIALLSHR",33.12,33.59,33.6,31.0,32.5,-0.62,-1.87%,20293
HGFA,0806,"ALLSHR,KSE100,KSE100PR",14.41,14.4,14.85,13.6,14.15,-0.26,-1.80%,20049
BIFO,0805,"ALLSHR,KMIALLSHR",121.53,121.53,122.5,120.0,120.98,-0.55,-0.45%,19965
QUICE,0810,"ALLSHR,KMIALLSHR",29.48,29.47,29.48,29.0,29.41,-0.07,-0.24%,19841
PAKD,0828,"ALLSHR,KMIALLSHR",123.88,125.98,125.98,122.1,124.49,0.61,0.49%,17933
ATBA,0802,"ALLSHR,KMIALLSHR",177.76,177.75,177.75,175.51,177.0,-0.76,-0.43%,17546
MQTM,0830,"ALLSHR,KMIALLSHR",28.19,28.2,29.0,27.21,27.98,-0.21,-0.74%,17400
ARPAK,0818,ALLSHR,144.89,154.19,154.6,130.4,130.4,-14.49,-10.00%,16905
MIRKS,0826,"ALLSHR,KMIALLSHR",33.1,33.0,33.35,32.0,32.85,-0.25,-0.75%,16669
INKL,0839,"ALLSHR,KMIALLSHR",92.89,94.9,101.0,90.1,94.9,2.01,2.16%,16622
JSRR,0836,ALLSHR,10.5,10.85,10.85,10.45,10.8,0.3,2.86%,16485
HINOON,0823,"ALLSHR,KMIALLSHR,KSE100,KSE100PR",930.78,934.9,934.9,920.0,920.0,-10.78,-1.16%,16132
PGLC,0815,"ALLSHR,KSE100,KSE100PR",18.96,19.0,19.0,17.85,17.88,-1.08,-5.70%,15969
SIBL,0813,ALLSHR,7.06,7.08,7.62,7.05,7.05,-0.01,-0.14%,15691
GEMMEL,0824,"ALLSHR,KMIALLSHR",35.07,35.0,35.0,35.0,35.0,-0.07,-0.20%,15536
ABOT,0823,"ALLSHR,KMIALLSHR,KSE100,KSE100PR",940.73,947.0,947.0,925.0,928.0,-12.73,-1.35%,14910
JGICL,0812,ALLSHR,77.69,78.95,78.95,77.5,78.15,0.46,0.59%,14705
DADX,0808,"ALLSHR,KMIALLSHR",116.32,119.0,119.9,108.0,111.7,-4.62,-3.97%,14053
MACTER,0823,"ALLSHR,KMIALLSHR",266.7,265.05,265.05,241.0,260.0,-6.7,-2.51%,13813
ICCI,0831,"ALLSHR,KMIALLSHR",14.55,15.15,15.69,14.0,14.92,0.37,2.54%,13679
SZTM,0830,"ALLSHR,KMIALLSHR",87.46,92.0,92.0,86.09,90.0,2.54,2.90%,13568
MRNS,0826,"ALLSHR,KMIALLSHR",59.59,59.59,60.69,58.0,59.6,0.01,0.02%,13123
IDRT,0830,"ALLSHR,KMIALLSHR",36.6,36.99,37.39,35.8,36.0,-0.6,-1.64%,12494
UDPL,0818,"ALLSHR,KMIALLSHR",117.55,122.0,122.0,115.21,117.78,0.23,0.20%,12426
SEPL,0822,ALLSHR,152.6,152.56,153.98,152.56,152.7,0.1,0.07%,12119
HIFA,0806,ALLSHR,5.04,5.15,5.15,5.0,5.1,0.06,1.19%,11917
ESBLNC,0813,ALLSHR,10.21,10.11,10.37,9.51,10.1,-0.11,-1.08%,11683
DWAENC,0802,ALLSHR,23.8,22.79,24.0,22.52,23.1,-0.7,-2.94%,11519
UDLI,0818,"ALLSHR,KMIALLSHR",18.0,18.0,18.19,17.8,18.0,0.0,0.00%,11299
PSEL,0818,"ALLSHR,KMIALLSHR,KSE100,KSE100PR",828.6,880.0,911.46,860.0,880.36,51.76,6.25%,11210
MCBIM,0813,ALLSHR,164.49,164.5,167.0,164.49,165.0,0.51,0.31%,11181
JSGBETF,0837,,40.8,40.43,40.63,40.35,40.37,-0.43,-1.05%,11000
ZAHID,0829,"ALLSHR,KMIALLSHR",70.35,70.5,72.45,70.06,70.07,-0.28,-0.40%,10538
FECM,0819,"ALLSHR,KMIALLSHR",26.48,27.6,27.6,25.05,26.75,0.27,1.02%,10287
STYLERS,0839,"ALLSHR,KMIALLSHR",51.49,49.06,51.85,49.06,51.8,0.31,0.60%,10064
ANTM,0829,"ALLSHR,KMIALLSHR",82.66,82.66,84.64,77.2,81.9,-0.76,-0.92%,9969
AGTL,0801,"ALLSHR,KMIALLSHR",348.01,349.49,355.0,346.0,353.0,4.99,1.43%,9748
NCMLNC,0830,"ALLSHR,KMIALLSHR",16.03,15.75,15.75,15.2,15.65,-0.38,-2.37%,9500
CENIXD,0812,ALLSHR,52.85,52.85,53.8,52.25,52.27,-0.58,-1.10%,8658
ACIETFXD,0837,,17.0,17.08,17.21,17.08,17.19,0.19,1.12%,8500
PRWM,0831,ALLSHR,64.01,67.0,67.15,63.0,65.0,0.99,1.55%,8296
UVIC,0812,ALLSHR,19.75,19.5,20.45,19.5,20.45,0.7,3.54%,8062
BOK,0807,ALLSHR,30.73,30.75,31.0,27.77,27.77,-2.96,-9.63%,7644
PNSC,0833,ALLSHR,516.38,516.38,529.99,515.0,516.99,0.61,0.12%,7334
GEMBCEM,0819,"ALLSHR,KMIALLSHR",11.31,11.35,11.35,11.3,11.3,-0.01,-0.09%,7317
GFIL,0829,"ALLSHR,KMIALLSHR",29.89,30.0,30.0,27.27,28.45,-1.44,-4.82%,7201
OTSU,0823,"ALLSHR,KMIALLSHR",381.21,379.0,388.0,361.0,371.0,-10.21,-2.68%,7097
DINT,0830,"ALLSHR,KMIALLSHR",59.55,61.71,61.71,57.21,57.5,-2.05,-3.44%,6718
INDU,0801,"ALLSHR,KSE100,KSE100PR",1898.91,1898.92,1908.0,1871.25,1890.0,-8.91,-0.47%,6612
HBLTETF,0837,,105.71,105.75,105.75,105.7,105.75,0.04,0.04%,6500
WAHN,0805,"ALLSHR,KMIALLSHR",274.23,275.0,283.0,271.01,272.0,-2.23,-0.81%,6443
ATILXD,0812,ALLSHR,75.18,75.18,76.4,75.0,76.0,0.82,1.09%,6353
GADT,0830,"ALLSHR,KMIALLSHR,KSE100,KSE100PR",315.18,319.64,319.64,311.0,314.98,-0.2,-0.06%,6055
SCBPLXD,0807,"ALLSHR,KSE100,KSE100PR",63.01,62.16,64.97,61.5,61.82,-1.19,-1.89%,6008
HAEL,0829,"ALLSHR,KMIALLSHR",25.93,25.0,27.89,25.0,25.86,-0.07,-0.27%,5915
IGIHLXD,0812,ALLSHR,261.51,262.98,262.98,258.3,258.35,-3.16,-1.21%,5832
BWHL,0802,"ALLSHR,KMIALLSHR",229.67,226.1,230.25,226.1,230.0,0.33,0.14%,5809
ACPL,0804,"ALLSHR,KMIALLSHR",232.02,232.05,234.5,228.0,231.59,-0.43,-0.18%,5726
OLPM,0819,"ALLSHR,KMIALLSHR",25.01,25.01,25.25,24.9,25.25,0.24,0.96%,5608
PAKOXY,0805,"ALLSHR,KMIALLSHR",335.39,334.0,346.97,333.0,336.11,0.72,0.22%,5495
AATM,0830,ALLSHR,59.96,62.0,62.0,59.14,59.5,-0.46,-0.77%,5067
SSOM,0834,"ALLSHR,KMIALLSHR,KSE100,KSE100PR",440.46,433.01,444.89,432.12,437.0,-3.46,-0.79%,4954
HUSI,0838,ALLSHR,53.19,56.0,56.0,51.5,51.65,-1.54,-2.89%,4953
CCM,0830,"ALLSHR,KMIALLSHR",44.97,44.0,45.45,44.0,44.11,-0.86,-1.91%,4810
JKSM,0830,ALLSHR,344.43,344.0,369.25,322.2,340.0,-4.43,-1.29%,4702
IDYM,0830,ALLSHR,135.05,135.0,137.17,134.0,136.0,0.95,0.70%,4623
BWCLXD,0804,"ALLSHR,KSE100,KSE100PR",475.79,475.0,477.2,470.06,472.98,-2.81,-0.59%,4564
JUBSNC,0829,"ALLSHR,KMIALLSHR",47.25,50.89,50.89,42.8,44.62,-2.63,-5.57%,4469
GOC,0818,"ALLSHR,KMIALLSHR",171.43,175.0,177.0,164.22,177.0,5.57,3.25%,4447
ARPL,0805,"ALLSHR,KMIALLSHR",429.77,424.02,433.0,424.02,428.0,-1.77,-0.41%,4423
ZTL,0831,"ALLSHR,KMIALLSHR",16.94,17.0,17.09,16.66,16.9,-0.04,-0.24%,4385
MFFL,0810,"ALLSHR,KMIALLSHR",169.0,165.0,169.9,162.0,164.0,-5.0,-2.96%,4323
PKGP,0824,ALLSHR,38.49,39.0,39.0,38.0,38.49,0.0,0.00%,4295
PCAL,0803,ALLSHR,167.87,167.5,167.5,163.1,164.1,-3.77,-2.25%,4282
AKGL,0818,"ALLSHR,KMIALLSHR",63.65,58.01,69.44,58.0,60.0,-3.65,-5.73%,4153
GVGL,0811,"ALLSHR,KMIALLSHR",54.9,54.9,55.0,54.2,54.2,-0.7,-1.27%,4046
TPLI,0812,ALLSHR,55.82,57.5,57.5,55.6,55.6,-0.22,-0.39%,4002
SERT,0830,"ALLSHR,KMIALLSHR",44.98,45.27,45.27,43.3,43.4,-1.58,-3.51%,3914
CRTM,0829,"ALLSHR,KMIALLSHR",69.16,69.0,69.99,67.1,69.0,-0.16,-0.23%,3912
DWTMWU,0830,ALLSHR,10.4,10.84,10.84,9.82,10.78,0.38,3.65%,3746
SEL,0824,"ALLSHR,KMIALLSHR",27.63,27.01,28.0,27.01,27.2,-0.43,-1.56%,3632
POWERPS,0804,ALLSHR,24.88,27.37,27.37,27.37,27.37,2.49,10.01%,3470
AGIC,0812,ALLSHR,39.5,40.17,41.43,40.0,40.18,0.68,1.72%,3405
NONS,0826,"ALLSHR,KMIALLSHR",85.88,86.0,86.0,83.02,84.42,-1.46,-1.70%,3332
KHTC,0832,ALLSHR,301.11,301.5,309.0,300.0,305.99,4.88,1.62%,3324
OLPL,0813,ALLSHR,48.0,48.01,48.01,47.0,48.0,0.0,0.00%,3312
FILNC,0816,"ALLSHR,KMIALLSHR",261.9,288.09,288.09,264.51,288.09,26.19,10.00%,3239
STML,0829,"ALLSHR,KMIALLSHR",52.26,52.0,53.76,50.0,50.0,-2.26,-4.32%,3203
ASLPS,0808,ALLSHR,26.07,27.99,27.99,25.15,27.55,1.48,5.68%,3133
OML,0818,"ALLSHR,KMIALLSHR",78.1,80.0,80.0,77.1,77.95,-0.15,-0.19%,3111
QUETNC,0829,"ALLSHR,KMIALLSHR",15.65,15.97,15.97,15.0,15.73,0.08,0.51%,3106
SSMLNC,0830,"ALLSHR,KMIALLSHR",21.31,22.5,22.5,21.05,21.05,-0.26,-1.22%,2935
EFULXD,0812,ALLSHR,158.69,155.51,159.9,155.51,158.01,-0.68,-0.43%,2929
IMLNC,0813,ALLSHR,23.28,24.99,24.99,23.25,24.5,1.22,5.24%,2851
LPGL,0805,"ALLSHR,KMIALLSHR",91.43,91.44,92.0,90.76,91.0,-0.43,-0.47%,2748
UBDL,0818,"ALLSHR,KMIALLSHR",27.68,28.5,29.09,27.67,27.72,0.04,0.15%,2572
SUTM,0830,ALLSHR,112.2,110.5,110.5,110.1,110.1,-2.1,-1.87%,2360
FRSM,0826,"ALLSHR,KMIALLSHR",41.65,41.36,42.77,41.0,42.5,0.85,2.04%,2280
LPL,0824,ALLSHR,21.0,21.0,21.34,20.42,20.72,-0.28,-1.33%,2253
MUGHALC,0808,ALLSHR,61.98,61.0,62.5,60.0,60.0,-1.98,-3.19%,2057
CHAS,0826,"ALLSHR,KMIALLSHR",84.26,84.11,84.8,83.1,83.34,-0.92,-1.09%,1900
STJT,0831,"ALLSHR,KMIALLSHR",152.06,159.49,167.27,145.0,167.27,15.21,10.00%,1854
ATLH,0801,"ALLSHR,KSE100,KSE100PR",1600.14,1600.14,1609.98,1592.05,1600.0,-0.14,-0.01%,1751
SHFA,0818,"ALLSHR,KMIALLSHR,KSE100,KSE100PR",477.06,477.06,479.98,476.0,476.01,-1.05,-0.22%,1559
SPLNC,0805,"ALLSHR,KMIALLSHR",49.48,49.0,50.31,49.0,49.5,0.02,0.04%,1512
FSWLNC,0829,ALLSHR,154.01,168.94,168.94,144.0,158.0,3.99,2.59%,1451
TICL,0826,"ALLSHR,KMIALLSHR",1025.1,1025.25,1050.0,1000.0,1033.0,7.9,0.77%,1439
ZIL,0810,"ALLSHR,KMIALLSHR",344.5,355.89,355.89,316.0,336.0,-8.5,-2.47%,1355
HINO,0801,"ALLSHR,KMIALLSHR",343.88,343.0,344.5,335.12,340.0,-3.88,-1.13%,1291
POML,0834,"ALLSHR,KMIALLSHR",152.1,160.89,160.9,153.0,155.0,2.9,1.91%,1286
SNAI,0830,"ALLSHR,KMIALLSHR",35.58,37.9,37.9,33.1,36.85,1.27,3.57%,1264
ELSM,0830,"ALLSHR,KMIALLSHR",144.97,146.0,157.0,146.0,146.2,1.23,0.85%,1211
AMBL,0813,ALLSHR,19.22,19.88,20.0,19.51,19.51,0.29,1.51%,1208
SHEZ,0810,ALLSHR,250.47,258.9,258.9,245.0,245.0,-5.47,-2.18%,1207
DYNO,0805,"ALLSHR,KMIALLSHR",350.45,352.99,352.99,335.3,347.0,-3.45,-0.98%,1197
FZCM,0829,"ALLSHR,KMIALLSHR",254.72,253.99,255.0,252.0,252.0,-2.72,-1.07%,1073
JSIL,0813,ALLSHR,41.94,39.05,42.25,39.05,42.23,0.29,0.69%,1019
GEMPAPL,0822,"ALLSHR,KMIALLSHR",11.5,10.76,10.76,10.76,10.76,-0.74,-6.43%,1000
EXIDE,0802,"ALLSHR,KMIALLSHR",463.82,461.17,468.89,460.0,460.02,-3.8,-0.82%,918
ASLCPS,0808,ALLSHR,95.75,95.75,105.29,95.75,96.7,0.95,0.99%,811
DMC,0830,"ALLSHR,KMIALLSHR",176.67,182.0,182.0,159.4,177.0,0.33,0.19%,776
BNWM,0835,"ALLSHR,KMIALLSHR,KSE100,KSE100PR",66.13,66.1,67.37,66.1,66.1,-0.03,-0.04%,726
SHCM,0830,"ALLSHR,KMIALLSHR",53.33,57.5,57.5,49.01,55.9,2.57,4.82%,658
REDCO,0829,"ALLSHR,KMIALLSHR",29.37,29.76,29.76,29.03,29.76,0.39,1.33%,618
SHJS,0826,ALLSHR,138.53,142.99,142.99,138.01,138.5,-0.03,-0.02%,617
SFL,0829,ALLSHR,1135.75,1135.0,1135.05,1135.0,1135.0,-0.75,-0.07%,605
MUREB,0810,"ALLSHR,KSE100,KSE100PR",925.0,924.0,924.0,915.0,921.99,-3.01,-0.32%,565
SUHJNC,0814,"ALLSHR,KMIALLSHR",182.1,171.01,182.0,164.2,171.21,-10.89,-5.98%,539
BATA,0816,"ALLSHR,KMIALLSHR",883.6,884.99,884.99,873.0,873.0,-10.6,-1.20%,517
SITC,0805,"ALLSHR,KMIALLSHR",760.0,764.98,764.98,747.06,760.0,0.0,0.00%,513
EFUGXD,0812,ALLSHR,130.21,125.1,131.99,125.1,130.8,0.59,0.45%,486
PKGS,0822,"ALLSHR,KMIALLSHR,KSE100,KSE100PR",771.42,770.0,771.99,751.0,760.0,-11.42,-1.48%,482
ELCM,0830,"ALLSHR,KMIALLSHR",201.67,198.11,198.98,183.1,198.98,-2.69,-1.33%,479
KPUS,0826,"ALLSHR,KMIALLSHR",822.95,822.95,829.79,820.0,820.0,-2.95,-0.36%,420
PECONC,0808,ALLSHR,674.53,676.0,684.0,676.0,677.0,2.47,0.37%,418
ALNRS,0826,"ALLSHR,KMIALLSHR",122.01,127.0,127.0,122.0,124.99,2.98,2.44%,411
HPLXD,0823,"ALLSHR,KMIALLSHR",4023.7,3951.35,4024.9,3951.2,4000.0,-23.7,-0.59%,367
AHTM,0829,"ALLSHR,KMIALLSHR",92.37,99.77,99.78,90.01,98.96,6.59,7.13%,335
ADAMS,0826,"ALLSHR,KMIALLSHR",65.98,65.98,68.77,65.02,65.02,-0.96,-1.45%,323
FRCL,0811,"ALLSHR,KMIALLSHR",88.68,91.99,91.99,86.25,88.0,-0.68,-0.77%,311
GEMPACRA,0818,"ALLSHR,KMIALLSHR",37.4,34.01,36.97,34.01,36.97,-0.43,-1.15%,310
TSML,0826,ALLSHR,524.11,549.0,549.99,500.01,520.0,-4.11,-0.78%,292
GCWLPRS,0805,ALLSHR,131.99,119.0,133.0,119.0,133.0,1.01,0.77%,285
SIEM,0803,"ALLSHR,KMIALLSHR",1631.91,1610.0,1654.0,1600.0,1600.0,-31.91,-1.95%,263
AKDHL,0818,ALLSHR,153.04,153.0,153.99,148.0,148.52,-4.52,-2.95%,228
TRIPF,0818,ALLSHR,137.06,136.55,137.79,136.0,137.78,0.72,0.53%,204
NATM,0830,"ALLSHR,KMIALLSHR",79.85,72.02,84.97,72.02,75.0,-4.85,-6.07%,201
JSGCL,0813,ALLSHR,151.31,0.0,0.0,0.0,151.31,0.0,0.00%,200
PMRS,0826,"ALLSHR,KMIALLSHR",414.15,449.35,449.35,422.0,422.0,7.85,1.90%,185
SURC,0829,"ALLSHR,KMIALLSHR",149.99,148.0,148.0,146.25,148.0,-1.99,-1.33%,168
NESTLE,0810,"ALLSHR,KMIALLSHR,KSE100,KSE100PR",7505.33,7505.33,7505.33,7480.0,7499.98,-5.35,-0.07%,161
BAFS,0826,"ALLSHR,KMIALLSHR",475.8,450.0,490.0,450.0,464.01,-11.79,-2.48%,150
IDEAL,0830,"ALLSHR,KMIALLSHR",53.46,53.46,53.46,52.1,53.4,-0.06,-0.11%,127
SMLNC,0826,"ALLSHR,KMIALLSHR",95.76,95.0,95.0,95.0,95.0,-0.76,-0.79%,121
NSRM,0827,"ALLSHR,KMIALLSHR",239.0,238.0,245.0,230.0,237.85,-1.15,-0.48%,117
FASM,0829,"ALLSHR,KMIALLSHR",315.18,315.02,330.0,315.01,320.0,4.82,1.53%,110
KCL,0811,"ALLSHR,KMIALLSHR",144.13,145.0,157.98,145.0,157.98,13.85,9.61%,109
JVDCPS,0838,ALLSHR,57.91,57.35,57.35,57.35,57.35,-0.56,-0.97%,100
SHSML,0826,"ALLSHR,KMIALLSHR",375.0,383.0,383.0,362.21,374.5,-0.5,-0.13%,94
KSTMNC,0830,"ALLSHR,KMIALLSHR",12.95,12.5,13.38,12.5,13.0,0.05,0.39%,90
AABS,0826,ALLSHR,821.85,822.0,822.0,813.01,818.0,-3.85,-0.47%,88
BELANC,0802,ALLSHR,57.25,58.0,59.55,55.06,55.06,-2.19,-3.82%,63
ASIC,0812,ALLSHR,36.58,38.8,40.0,36.99,36.99,0.41,1.12%,62
UPFLXD,0810,"ALLSHR,KMIALLSHR,KSE100,KSE100PR",25207.25,25210.0,25300.0,25199.0,25200.0,-7.25,-0.03%,60
JDWS,0826,"ALLSHR,KMIALLSHR,KSE100,KSE100PR",900.0,900.0,908.9,895.01,895.01,-4.99,-0.55%,59
PSYL,0827,"ALLSHR,KMIALLSHR",121.31,130.0,130.0,125.99,125.99,4.68,3.86%,52
REWM,0829,"ALLSHR,KMIALLSHR",160.38,156.01,156.01,156.01,156.01,-4.37,-2.72%,51
ISIL,0810,"ALLSHR,KMIALLSHR",1858.85,1888.0,1888.0,1830.0,1830.0,-28.85,-1.55%,26
SASML,0826,"ALLSHR,KMIALLSHR",333.96,321.02,349.94,321.02,348.49,14.53,4.35%,24
ALIFEXD,0812,ALLSHR,31.37,31.17,32.13,31.17,31.47,0.1,0.32%,19
RMPLXD,0810,"ALLSHR,KMIALLSHR,KSE100,KSE100PR",9275.01,9212.75,9225.1,9211.09,9222.0,-53.01,-0.57%,18
IBFL,0827,"ALLSHR,KMIALLSHR,KSE100,KSE100PR",263.67,268.0,268.0,268.0,268.0,4.33,1.64%,18
IGIL,0812,ALLSHR,19.88,19.88,19.88,19.88,19.88,0.0,0.00%,10
EWIC,0812,ALLSHR,64.67,71.0,71.0,60.1,60.1,-4.57,-7.07%,4
PIAHCLB,0813,ALLSHR,16999.0,18224.0,18224.0,16224.24,16224.24,-774.76,-4.56%,4
HABSM,0826,ALLSHR,79.75,80.99,80.99,80.95,80.95,1.2,1.51%,3
ARMG,0813,ALLSHR,53.77,55.0,55.0,55.0,55.0,1.23,2.29%,3
BTL,0829,"ALLSHR,KMIALLSHR",900.6,900.0,900.0,895.0,895.0,-5.6,-0.62%,2
KHYT,0829,"ALLSHR,KMIALLSHR",1785.06,1800.0,1860.0,1800.0,1860.0,74.94,4.20%,2
ANLNV,0829,ALLSHR,7.59,8.48,8.48,8.48,8.48,0.89,11.73%,1
