Symbol,Sector,ListedIn,LDCP,Open,High,Low,Current,Change,ChangePct,Volume
CNERGY,0825,"ALLSHR,JSMFI,KMIALLSHR,KSE100,KSE100PR",15.46,15.45,15.55,14.85,15.0,-0.46,-2.97%,191729197
PRL,0825,"ALLSHR,JSMFI,KMI30,KMIALLSHR",104.42,106.3,108.8,100.11,104.88,0.46,0.44%,58149210
WTL,0828,ALLSHR,1.16,1.17,1.18,1.15,1.16,0.0,0.00%,40783012
PIBTL,0833,"ALLSHR,KMIALLSHR,KSE100,KSE100PR",16.23,16.24,17.0,16.19,16.49,0.26,1.60%,39683189
UNITY,0810,"ALLSHR,KMIALLSHR",9.98,9.81,9.9,9.04,9.12,-0.86,-8.62%,26621786
TPL,0828,ALLSHR,23.42,23.65,24.55,23.18,23.79,0.37,1.58%,24374265
BOP,0807,"ALLSHR,BKTI,JSGBKTI,KSE100,KSE100PR,KSE30,PSXDIV20",34.99,35.19,35.19,34.34,34.43,-0.56,-1.60%,22463823
TSBL,0813,ALLSHR,2.3,2.33,2.5,2.31,2.41,0.11,4.78%,22078693
WAVESAPPR,0803,ALLSHR,0.76,0.8,0.92,0.65,0.67,-0.09,-11.84%,21718316
LOTCHEM,0805,"ALLSHR,KMIALLSHR,KSE100,KSE100PR",27.46,28.0,28.48,27.38,27.51,0.05,0.18%,21084102
FNEL,0813,ALLSHR,1.18,1.18,1.21,1.17,1.19,0.01,0.85%,15117069
TPLP,0838,ALLSHR,14.41,14.2,15.0,14.2,14.59,0.18,1.25%,11113224
SSGC,0821,"ALLSHR,KMI30,KMIALLSHR,KSE100,KSE100PR,KSE30",27.66,27.7,28.55,27.52,27.94,0.28,1.01%,10344586
HASCOLNC,0821,ALLSHR,20.11,20.28,20.77,20.05,20.44,0.33,1.64%,9663401
ASCNC,0810,"ALLSHR,KMIALLSHR",10.77,9.69,10.19,9.69,9.69,-1.08,-10.03%,9333629
KEL,0824,"ALLSHR,KMIALLSHR,KSE100,KSE100PR,MII30",7.24,7.24,7.29,7.18,7.25,0.01,0.14%,9290138
PAEL,0803,"ALLSHR,KMI30,KMIALLSHR,KSE100,KSE100PR,KSE30,MII30",39.36,39.39,39.47,38.6,38.75,-0.61,-1.55%,8454024
TPLRF1,0836,"ALLSHR,KMIALLSHR,KSE100,KSE100PR",9.7,9.8,9.94,9.65,9.82,0.12,1.24%,8037104
ZUMA,0828,ALLSHR,19.03,19.23,20.93,18.8,20.65,1.62,8.51%,7409756
NRL,0825,"ALLSHR,JSMFI,KMI30,KMIALLSHR,KSE30",549.83,556.51,580.98,535.06,560.67,10.84,1.97%,7109841
TISL,0818,"ALLSHR,KMIALLSHR",3.24,3.21,3.31,3.15,3.16,-0.08,-2.47%,6650984
OGDC,0820,"ALLSHR,KMI30,KMIALLSHR,KSE100,KSE100PR,KSE30,MII30,MZNPI,NBPPGI,NITPGI,OGTI",328.7,330.0,334.98,329.51,331.69,2.99,0.91%,6607093
WAVES,0803,"ALLSHR,KMIALLSHR",10.19,10.24,10.32,9.93,10.0,-0.19,-1.86%,5833976
AKBL,0807,"ALLSHR,KSE100,KSE100PR",106.34,105.53,106.34,101.42,104.21,-2.13,-2.00%,5089991
BAFL,0807,"ALLSHR,BKTI,JSGBKTI,KSE100,KSE100PR,PSXDIV20",58.68,58.47,58.47,56.5,57.38,-1.3,-2.21%,5056834
THCCL,0804,"ALLSHR,KMIALLSHR",75.93,76.25,77.98,75.99,76.47,0.54,0.71%,4746329
FCCL,0804,"ACI,ALLSHR,KMI30,KMIALLSHR,KSE100,KSE100PR,KSE30,MII30",55.31,55.5,55.9,54.1,54.27,-1.04,-1.88%,4737174
TPLT,0828,ALLSHR,31.01,31.01,33.75,31.0,32.44,1.43,4.61%,4388638
FCEPL,0810,"ALLSHR,KMIALLSHR",147.76,150.0,158.5,148.75,156.44,8.68,5.87%,4309839
PPL,0820,"ALLSHR,KMI30,KMIALLSHR,KSE100,KSE100PR,KSE30,MII30,MZNPI,NBPPGI,NITPGI,OGTI",234.5,236.0,237.0,231.9,232.24,-2.26,-0.96%,4190546
GCIL,0805,"ALLSHR,KMIALLSHR",34.29,34.2,35.21,33.83,34.75,0.46,1.34%,4032392
NBP,0807,"ALLSHR,BKTI,JSGBKTI,KSE100,KSE100PR,KSE30,NBPPGI,PSXDIV20",187.08,187.2,189.49,184.91,185.58,-1.5,-0.80%,3656956
FATIMA,0809,"ALLSHR,KMIALLSHR,KSE100,KSE100PR,MII30",155.01,156.98,157.4,154.0,155.14,0.13,0.08%,3518930
BECO,0808,"ALLSHR,KMIALLSHR",4.67,4.67,4.74,4.6,4.64,-0.03,-0.64%,3464188
MLCF,0804,"ACI,ALLSHR,KMI30,KMIALLSHR,KSE100,KSE100PR,KSE30,MII30,MZNPI",99.58,99.55,100.39,98.81,99.27,-0.31,-0.31%,3377583
PSO,0821,"ACI,ALLSHR,KMI30,KMIALLSHR,KSE100,KSE100PR,KSE30,MII30,MZNPI",363.84,365.25,370.9,364.0,364.92,1.08,0.30%,3337078
EPCL,0805,"ALLSHR,KMIALLSHR",35.6,36.5,37.0,35.41,35.64,0.04,0.11%,3332693
PREMA,0810,"ALLSHR,KMIALLSHR",35.69,35.12,35.8,34.35,34.57,-1.12,-3.14%,3152219
TELE,0828,"ALLSHR,KMIALLSHR",7.97,8.02,8.08,7.6,7.72,-0.25,-3.14%,3130411
WAVESAPP,0803,ALLSHR,8.94,8.95,9.2,8.8,9.07,0.13,1.45%,3051693
HUMNL,0828,"ALLSHR,KSE100,KSE100PR",10.47,10.48,10.5,9.97,10.14,-0.33,-3.15%,3022491
KOSM,0830,ALLSHR,5.37,5.38,5.44,5.15,5.25,-0.12,-2.23%,2904725
SYS,0828,"ALLSHR,KMI30,KMIALLSHR,KSE100,KSE100PR,KSE30,MII30,NBPPGI,NITPGI,UPP9",124.54,124.89,129.0,124.69,127.72,3.18,2.55%,2725974
SLGL,0833,"ALLSHR,KMIALLSHR",15.07,15.48,15.62,15.07,15.44,0.37,2.46%,2414633
ITANZ,0828,"ALLSHR,KMIALLSHR",39.54,39.25,39.5,37.51,38.22,-1.32,-3.34%,2299195
DSIL,0830,ALLSHR,10.42,10.42,10.45,9.7,9.96,-0.46,-4.41%,2277312
EPCLPS,0805,ALLSHR,12.66,12.65,13.8,12.65,13.74,1.08,8.53%,2267781
OBOY,0821,ALLSHR,18.07,18.25,18.5,17.98,18.01,-0.06,-0.33%,2226963
BERG,0805,"ALLSHR,KMIALLSHR",158.27,158.4,174.1,156.0,174.1,15.83,10.00%,2090816
DSLNC,0808,"ALLSHR,KMIALLSHR",4.87,4.87,5.05,4.74,4.76,-0.11,-2.26%,2078525
SNGP,0821,"ACI,ALLSHR,KMI30,KMIALLSHR,KSE100,KSE100PR,KSE30,MII30",101.86,101.9,102.98,100.91,101.71,-0.15,-0.15%,2055204
CSAP,0808,"ACI,ALLSHR,KMIALLSHR,PSXDIV20",102.37,102.37,104.89,100.5,101.03,-1.34,-1.31%,2009950
ENGROH,0813,"ALLSHR,KMI30,KMIALLSHR,KSE100,KSE100PR,KSE30,MII30,MZNPI,NBPPGI,NITPGI,UPP9",264.86,269.0,273.5,266.02,267.62,2.76,1.04%,1994082
AICL,0812,"ALLSHR,KSE100,KSE100PR",94.11,94.89,98.0,90.51,93.28,-0.83,-0.88%,1981415
CLVL,0833,ALLSHR,41.17,40.0,45.29,38.1,45.29,4.12,10.01%,1948869
TRG,0828,"ALLSHR,KSE100,KSE100PR",56.64,56.7,56.7,55.39,55.51,-1.13,-1.99%,1869432
AHCL,0809,"ALLSHR,KSE100,KSE100PR,PSXDIV20",16.21,16.31,16.35,15.97,16.02,-0.19,-1.17%,1796551
STLR,0828,ALLSHR,13.05,12.5,13.0,12.5,12.92,-0.13,-1.00%,1784101
FANM,0819,"ALLSHR,KMIALLSHR",10.21,10.25,11.22,9.23,10.39,0.18,1.76%,1750558
PACE,0838,ALLSHR,10.25,10.29,10.4,10.25,10.32,0.07,0.68%,1737896
FIBLM,0819,"ALLSHR,KMIALLSHR",17.0,16.0,18.7,15.5,18.39,1.39,8.18%,1630132
DGKC,0804,"ACI,ALLSHR,KMI30,KMIALLSHR,KSE100,KSE100PR,KSE30,MII30,MZNPI",209.58,210.0,211.0,207.2,207.81,-1.77,-0.84%,1629093
SLM,0802,"ALLSHR,KMIALLSHR",24.05,24.05,24.13,24.0,24.02,-0.03,-0.12%,1628060
FPJM,0819,"ALLSHR,KMIALLSHR",21.25,19.31,23.38,19.13,23.38,2.13,10.02%,1615655
SPSL,0821,"ALLSHR,KMIALLSHR",16.22,16.25,16.36,16.2,16.26,0.04,0.25%,1571414
WASL,0819,"ALLSHR,KMIALLSHR",6.79,6.83,6.9,6.6,6.63,-0.16,-2.36%,1462386
CLOV,0810,"ALLSHR,KMIALLSHR",6.74,6.79,6.81,6.6,6.62,-0.12,-1.78%,1451404
HUBC,0824,"ALLSHR,KMI30,KMIALLSHR,KSE100,KSE100PR,KSE30,MII30,MZNPI,NBPPGI,NITPGI,PSXDIV20,UPP9",209.67,209.69,210.45,208.98,209.45,-0.22,-0.10%,1373046
FFL,0810,"ACI,ALLSHR,KMI30,KMIALLSHR,KSE100,KSE100PR",15.61,15.65,15.7,15.46,15.5,-0.11,-0.70%,1372635
SEARL,0823,"ACI,ALLSHR,KMI30,KMIALLSHR,KSE100,KSE100PR,KSE30,MII30",86.76,86.9,88.2,85.85,85.99,-0.77,-0.89%,1367800
SYM,0828,"ALLSHR,KMIALLSHR",12.7,12.7,13.11,12.65,12.84,0.14,1.10%,1364982
PIAHCLA,0813,ALLSHR,25.36,25.62,25.62,25.06,25.27,-0.09,-0.36%,1339524
FCL,0803,"ALLSHR,KMIALLSHR",27.79,27.95,27.95,27.05,27.36,-0.43,-1.55%,1329963
ATRL,0825,"ALLSHR,JSMFI,KMI30,KMIALLSHR,KSE100,KSE100PR,KSE30,MII30,MZNPI",1197.49,1199.0,1220.0,1178.0,1190.45,-7.04,-0.59%,1291602
SGPL,0824,"ALLSHR,KMIALLSHR",30.96,30.96,31.5,28.2,28.74,-2.22,-7.17%,1254714
NETSOL,0828,"ALLSHR,KMIALLSHR",126.55,126.61,128.0,121.52,122.1,-4.45,-3.52%,1212684
ASL,0808,"ACI,ALLSHR,KMIALLSHR",14.07,14.01,14.25,13.85,14.04,-0.03,-0.21%,1200445
LSEFSL,0813,ALLSHR,2.74,2.85,3.02,2.7,2.73,-0.01,-0.36%,1156694
UCAPM,0819,ALLSHR,6.4,6.32,7.0,6.3,6.63,0.23,3.59%,1123468
MACFL,0822,"ALLSHR,KMIALLSHR",58.32,58.6,60.3,56.33,56.9,-1.42,-2.43%,1120909
BNL,0810,"ALLSHR,KMIALLSHR",6.22,6.24,6.3,6.18,6.2,-0.02,-0.32%,1110639
GGGL,0811,"ALLSHR,KMIALLSHR",8.25,8.2,8.38,8.0,8.05,-0.2,-2.42%,1081814
AGHA,0808,ALLSHR,6.89,6.95,6.96,6.81,6.9,0.01,0.15%,1081136
BLUEX,0833,"ALLSHR,KMIALLSHR",6.7,6.71,6.8,6.61,6.66,-0.04,-0.60%,1050609
POWER,0804,"ALLSHR,KMIALLSHR,KSE100,KSE100PR",22.89,23.0,23.4,22.45,22.72,-0.17,-0.74%,1046396
NCPL,0824,ALLSHR,59.36,59.36,59.75,58.01,58.17,-1.19,-2.00%,1032858
SNBL,0807,ALLSHR,20.89,20.9,20.9,20.3,20.36,-0.53,-2.54%,1031909
EFERT,0809,"ALLSHR,KMI30,KMIALLSHR,KSE100,KSE100PR,KSE30,MII30,NBPPGI,PSXDIV20,UPP9",181.35,181.51,185.52,180.76,185.15,3.8,2.10%,1018839
BAHLXD,0807,"ALLSHR,BKTI,JSGBKTI,KSE100,KSE100PR,NBPPGI,NITPGI,PSXDIV20",162.55,163.0,164.9,160.75,161.16,-1.39,-0.85%,1014929
CSIL,0812,ALLSHR,5.75,5.8,5.95,5.65,5.68,-0.07,-1.22%,1010239
NRSL,0805,"ALLSHR,KMIALLSHR",40.07,40.1,42.99,39.35,42.11,2.04,5.09%,988942
UBL,0807,"ALLSHR,BKTI,JSGBKTI,JSMFI,KSE100,KSE100PR,KSE30,NBPPGI,NITPGI,PSXDIV20,UPP9",450.76,450.8,452.99,448.3,449.1,-1.66,-0.37%,984373
CEPB,0822,"ALLSHR,KMIALLSHR",27.53,27.55,27.75,27.25,27.55,0.02,0.07%,951712
STPL,0818,ALLSHR,8.63,8.64,8.8,8.47,8.53,-0.1,-1.16%,946176
PQGTL,0812,"ALLSHR,KMIALLSHR",14.0,14.0,14.24,12.81,13.19,-0.81,-5.79%,945076
TREET,0810,"ALLSHR,KMI30,KMIALLSHR",23.52,23.63,23.69,23.15,23.25,-0.27,-1.15%,928781
HICL,0812,ALLSHR,15.36,15.55,15.59,14.39,14.72,-0.64,-4.17%,927291
ILP,0829,"ACI,ALLSHR,KMIALLSHR,KSE100,KSE100PR,MII30",108.67,109.0,109.75,105.7,106.18,-2.49,-2.29%,901474
TOMCL,0810,"ALLSHR,KMIALLSHR",36.74,37.1,37.1,36.2,36.36,-0.38,-1.03%,856042
GAL,0801,"ALLSHR,JSMFI,KMI30,KMIALLSHR,KSE100,KSE100PR,KSE30",641.4,642.02,663.0,642.02,657.04,15.64,2.44%,835827
MZNPETF,0837,,17.86,17.96,18.0,17.9,17.91,0.05,0.28%,826500
MIIETFXD,0837,,16.65,16.65,16.73,16.64,16.66,0.01,0.06%,808500
LUCK,0804,"ACI,ALLSHR,KMI30,KMIALLSHR,KSE100,KSE100PR,KSE30,MII30,MZNPI,NBPPGI,NITPGI,UPP9",437.33,439.0,439.0,431.5,433.39,-3.94,-0.90%,803170
BIPLXD,0807,"ALLSHR,KMIALLSHR",26.77,26.77,27.25,26.05,26.37,-0.4,-1.49%,798102
CPHL,0823,"ALLSHR,KMI30,KMIALLSHR,KSE100,KSE100PR",75.16,75.04,75.5,73.5,73.94,-1.22,-1.62%,774666
PSX,0813,"ALLSHR,KSE100,KSE100PR",49.7,49.75,50.24,49.29,49.52,-0.18,-0.36%,715076
ALTN,0824,ALLSHR,7.63,7.67,7.89,7.45,7.59,-0.04,-0.52%,708523
FFLM,0819,"ALLSHR,KMIALLSHR",14.32,14.65,15.65,13.15,13.97,-0.35,-2.44%,704888
AGIL,0802,"ALLSHR,KMIALLSHR",154.77,154.9,170.25,152.55,170.25,15.48,10.00%,682543
HCAR,0801,"ALLSHR,KMI30,KMIALLSHR,KSE100,KSE100PR",247.11,249.0,249.0,239.0,240.03,-7.08,-2.86%,680045
HBL,0807,"ALLSHR,BKTI,JSGBKTI,JSMFI,KSE100,KSE100PR,KSE30,NBPPGI,NITPGI,PSXDIV20,UPP9",318.05,319.0,320.0,315.0,315.72,-2.33,-0.73%,667279
JSMFETF,0837,,11.74,11.77,11.77,11.45,11.54,-0.2,-1.70%,657000
PAKRI,0812,ALLSHR,17.18,17.21,17.25,16.8,16.89,-0.29,-1.69%,651550
GLAXO,0823,"ACI,ALLSHR,KMIALLSHR,KSE100,KSE100PR,MII30",334.97,337.6,337.6,331.1,332.08,-2.89,-0.86%,646217
HMB,0807,"ALLSHR,KSE100,KSE100PR,PSXDIV20",101.31,101.0,101.78,99.07,100.17,-1.14,-1.12%,646048
AGP,0823,"ALLSHR,KMIALLSHR,KSE100,KSE100PR",163.46,163.99,169.9,163.0,168.2,4.74,2.90%,589531
JVDC,0838,"ALLSHR,KMIALLSHR,KSE100,KSE100PR,MII30",144.14,145.15,146.0,142.25,144.71,0.57,0.40%,583233
GGL,0805,"ALLSHR,KMIALLSHR",22.41,22.3,22.65,22.07,22.35,-0.06,-0.27%,571110
FPRMR2,0819,ALLSHR,1.5,1.5,1.5,1.0,1.17,-0.33,-22.00%,565744
GRR,0836,ALLSHR,22.6,22.6,22.8,22.51,22.66,0.06,0.27%,554210
NPL,0824,"ALLSHR,KSE100,KSE100PR",68.18,68.55,69.0,67.2,67.46,-0.72,-1.06%,550372
TBL,0802,ALLSHR,9.38,9.38,9.43,9.25,9.29,-0.09,-0.96%,545901
JSBL,0807,ALLSHR,13.11,13.32,13.59,12.95,13.01,-0.1,-0.76%,534281
GHGL,0811,"ALLSHR,KMIALLSHR,KSE100,KSE100PR",41.8,41.81,42.26,41.01,41.51,-0.29,-0.69%,516071
DCL,0804,"ALLSHR,KMIALLSHR",10.21,10.3,10.3,10.0,10.01,-0.2,-1.96%,506180
MEBLXD,0807,"ALLSHR,BKTI,JSGBKTI,JSMFI,KMI30,KMIALLSHR,KSE100,KSE100PR,KSE30,MII30,MZNPI,NBPPGI,NITPGI,UPP9",578.15,578.0,582.0,571.0,572.3,-5.85,-1.01%,476661
FDPL,0813,ALLSHR,4.74,4.72,4.87,4.6,4.7,-0.04,-0.84%,454404
PTC,0828,"ALLSHR,JSMFI,KSE100,KSE100PR",69.42,69.69,69.88,68.68,68.8,-0.62,-0.89%,433408
IMAGE,0839,"ALLSHR,KMIALLSHR",26.1,26.1,26.43,25.96,26.33,0.23,0.88%,432486
LSECL,0813,ALLSHR,6.19,6.29,6.29,6.11,6.12,-0.07,-1.13%,420963
GATM,0829,"ACI,ALLSHR,KMIALLSHR",24.0,24.0,24.24,23.6,23.68,-0.32,-1.33%,417727
FABLXD,0807,"ALLSHR,KMIALLSHR,KSE100,KSE100PR,MII30,PSXDIV20",96.1,96.1,96.77,95.26,95.46,-0.64,-0.67%,402328
IPAKXB,0822,"ALLSHR,KMIALLSHR",37.82,38.0,38.2,37.5,37.93,0.11,0.29%,399411
LOADS,0802,"ALLSHR,KMIALLSHR",13.08,13.08,13.21,13.0,13.03,-0.05,-0.38%,394832
ASTM,0830,"ALLSHR,KMIALLSHR",152.85,156.4,161.0,137.57,137.65,-15.2,-9.94%,393596
AIRLINK,0828,"ALLSHR,KMI30,KMIALLSHR,KSE100,KSE100PR,KSE30",133.98,133.98,134.7,132.5,132.61,-1.37,-1.02%,391212
SBL,0807,ALLSHR,13.66,13.7,13.7,13.46,13.61,-0.05,-0.37%,377698
FTMM,0819,"ALLSHR,KMIALLSHR",22.14,22.14,22.25,19.93,19.93,-2.21,-9.98%,374710
OLPL,0813,ALLSHR,49.33,48.05,49.4,48.0,48.01,-1.32,-2.68%,373077
DBCINC,0804,ALLSHR,12.73,13.07,13.09,12.2,12.32,-0.41,-3.22%,354482
PINL,0812,ALLSHR,10.59,10.5,11.39,10.32,11.28,0.69,6.52%,354155
QTECH,0828,"ALLSHR,KMIALLSHR",39.96,40.0,40.75,39.4,39.52,-0.44,-1.10%,346912
YOUW,0831,"ALLSHR,KSE100,KSE100PR",5.14,5.19,5.22,5.1,5.13,-0.01,-0.19%,339947
BML,0807,ALLSHR,56.54,56.54,57.49,55.0,56.95,0.41,0.73%,338044
SGPLR,0824,ALLSHR,12.47,11.22,11.22,11.22,11.22,-1.25,-10.02%,326395
AVN,0828,"ALLSHR,KMIALLSHR",30.05,30.49,30.49,29.01,29.67,-0.38,-1.26%,319116
KTML,0829,"ACI,ALLSHR,KMIALLSHR,KSE100,KSE100PR",42.92,42.65,43.73,42.5,43.43,0.51,1.19%,318845
FPRM,0819,"ALLSHR,KMIALLSHR",11.21,11.89,11.89,10.65,10.96,-0.25,-2.23%,317234
PASLNC,0813,ALLSHR,2.41,2.48,2.48,2.37,2.39,-0.02,-0.83%,293929
TOWL,0829,"ALLSHR,KMIALLSHR",144.19,140.05,147.0,134.15,144.28,0.09,0.06%,289502
DCR,0836,"ALLSHR,KMIALLSHR,KSE100,KSE100PR",40.18,40.2,41.0,39.2,40.24,0.06,0.15%,282788
OCTOPUS,0828,"ALLSHR,KMIALLSHR",29.88,29.99,30.6,29.5,29.57,-0.31,-1.04%,282775
FFC,0809,"ALLSHR,KMI30,KMIALLSHR,KSE100,KSE100PR,KSE30,MII30,MZNPI,NBPPGI,NITPGI,PSXDIV20,UPP9",552.7,552.7,554.5,550.0,552.45,-0.25,-0.04%,279593
KOHC,0804,"ALLSHR,KMIALLSHR,KSE100,KSE100PR",95.74,95.72,95.74,93.0,93.87,-1.87,-1.95%,271715
PAKQATAR,0812,"ALLSHR,KMIALLSHR",19.43,19.43,19.7,19.0,19.35,-0.08,-0.41%,270903
SGF,0816,"ALLSHR,KMIALLSHR",117.55,117.65,118.0,115.5,116.36,-1.19,-1.01%,269943
NCL,0829,ALLSHR,36.72,37.0,37.0,36.25,36.38,-0.34,-0.93%,262528
ANL,0829,"ALLSHR,KMIALLSHR",10.0,9.82,10.15,9.82,9.99,-0.01,-0.10%,260348
GSPMNC,0830,ALLSHR,6.58,6.9,7.11,6.16,6.9,0.32,4.86%,247778
MDTL,0828,ALLSHR,5.44,5.44,5.56,5.33,5.35,-0.09,-1.65%,247569
MSOT,0839,ALLSHR,168.99,169.95,172.25,162.0,167.59,-1.4,-0.83%,245897
GCWL,0805,"ALLSHR,KMIALLSHR",15.64,15.47,15.79,15.21,15.4,-0.24,-1.53%,232926
SPWL,0824,ALLSHR,8.64,8.66,8.79,8.55,8.7,0.06,0.69%,224841
WAFI,0821,"ALLSHR,KMIALLSHR",172.68,173.2,175.79,173.2,174.45,1.77,1.03%,224412
PKGI,0812,ALLSHR,35.2,37.9,37.99,36.05,37.82,2.62,7.44%,224054
CPPL,0822,"ALLSHR,KMIALLSHR",114.31,115.0,115.98,110.11,111.58,-2.73,-2.39%,223167
ISL,0808,"ACI,ALLSHR,KMIALLSHR,KSE100,KSE100PR,PSXDIV20",92.01,92.1,92.98,90.0,90.12,-1.89,-2.05%,215234
GWLC,0804,"ALLSHR,KMIALLSHR",54.0,53.5,54.94,53.01,53.31,-0.69,-1.28%,210429
ITTEFAQ,0808,"ALLSHR,KMIALLSHR",8.32,8.45,8.45,8.26,8.31,-0.01,-0.12%,209068
BCL,0808,"ALLSHR,KMIALLSHR",76.87,76.8,84.56,71.5,84.56,7.69,10.00%,208635
POL,0820,"ALLSHR,KSE100,KSE100PR,KSE30,PSXDIV20",734.56,736.0,737.68,729.03,730.04,-4.52,-0.61%,205978
GDL,0810,"ALLSHR,KMIALLSHR",17.14,17.3,17.3,17.02,17.09,-0.05,-0.29%,199659
ADMM,0829,ALLSHR,51.93,51.93,54.5,51.93,53.96,2.03,3.91%,198627
GTYR,0802,"ALLSHR,KMIALLSHR",29.85,30.15,30.15,29.06,29.5,-0.35,-1.17%,198349
DFML,0801,ALLSHR,16.94,17.15,17.15,16.95,16.98,0.04,0.24%,197557
FCSC,0813,ALLSHR,4.72,4.7,4.79,4.65,4.68,-0.04,-0.85%,196419
TRSM,0819,"ALLSHR,KMIALLSHR",17.16,17.19,17.38,17.0,17.08,-0.08,-0.47%,195586
SINDM,0819,"ALLSHR,KMIALLSHR",30.61,30.81,32.0,30.64,31.31,0.7,2.29%,189228
MARI,0820,"ALLSHR,KMI30,KMIALLSHR,KSE100,KSE100PR,KSE30,MII30,MZNPI,NBPPGI,NITPGI,OGTI",663.26,666.98,666.98,661.19,663.67,0.41,0.06%,188313
MUGHAL,0808,"ACI,ALLSHR,KMIALLSHR",78.76,79.0,79.47,78.0,78.31,-0.45,-0.57%,188159
NML,0829,"ACI,ALLSHR,KMI30,KMIALLSHR,KSE100,KSE100PR,MII30",143.86,143.11,144.85,143.1,143.39,-0.47,-0.33%,184979
STL,0828,"ALLSHR,KMIALLSHR",24.78,24.78,25.0,24.47,24.71,-0.07,-0.28%,184304
BAPL,0805,ALLSHR,30.96,31.39,34.06,31.39,34.06,3.1,10.01%,179419
DNCC,0804,"ALLSHR,KMIALLSHR",16.05,16.12,16.6,15.75,16.14,0.09,0.56%,174214
KAPCO,0824,"ALLSHR,KSE100,KSE100PR,PSXDIV20",27.47,27.45,27.64,27.33,27.38,-0.09,-0.33%,171276
SELECT,0828,"ALLSHR,KMIALLSHR",27.77,28.1,28.1,27.43,27.49,-0.28,-1.01%,164857
IGIHL,0812,ALLSHR,257.05,257.0,269.9,257.0,268.41,11.36,4.42%,160636
BBFL,0810,"ALLSHR,KMIALLSHR",42.65,42.7,43.0,42.3,42.58,-0.07,-0.16%,155974
ABOT,0823,"ALLSHR,KMIALLSHR,KSE100,KSE100PR",940.26,931.0,958.99,925.0,941.94,1.68,0.18%,155484
HIRATNC,0830,ALLSHR,6.41,6.26,6.39,6.01,6.14,-0.27,-4.21%,152283
SPAC1,0813,ALLSHR,14.0,13.61,15.4,13.61,14.13,0.13,0.93%,148714
HRPL,0826,"ALLSHR,KMIALLSHR",22.02,22.35,22.49,21.9,22.2,0.18,0.82%,147249
BIFO,0805,"ALLSHR,KMIALLSHR",125.97,128.47,128.47,120.52,121.37,-4.6,-3.65%,144977
AMTEXNC,0830,ALLSHR,4.14,4.29,4.29,4.01,4.1,-0.04,-0.97%,142989
BFMOD,0819,"ALLSHR,KMIALLSHR",24.0,24.01,25.8,23.12,24.55,0.55,2.29%,139087
NATF,0810,"ACI,ALLSHR,KSE100,KSE100PR,PSXDIV20",370.21,367.11,372.99,367.11,371.78,1.57,0.42%,138717
CHBL,0829,ALLSHR,9.07,9.1,9.25,8.92,9.02,-0.05,-0.55%,135307
EPQL,0824,"ALLSHR,KMIALLSHR",24.85,24.95,24.95,24.58,24.67,-0.18,-0.72%,133154
BGL,0811,ALLSHR,10.53,10.41,10.6,10.23,10.25,-0.28,-2.66%,132965
ZAL,0828,"ALLSHR,KMIALLSHR",39.5,40.0,40.0,39.0,39.28,-0.22,-0.56%,132790
ASTL,0808,ALLSHR,15.32,15.32,15.43,15.21,15.24,-0.08,-0.52%,131817
DFSM,0830,"ALLSHR,KMIALLSHR",14.23,14.49,14.49,13.96,13.98,-0.25,-1.76%,130797
UBLPETF,0837,,29.25,29.29,29.36,29.15,29.22,-0.03,-0.10%,130000
GHNI,0801,"ALLSHR,JSMFI,KMI30,KMIALLSHR,KSE100,KSE100PR,KSE30",1290.11,1290.0,1322.0,1286.01,1307.62,17.51,1.36%,129416
BFBIO,0823,"ALLSHR,KMIALLSHR",132.33,132.01,134.0,131.0,132.05,-0.28,-0.21%,127531
HIFA,0806,ALLSHR,5.18,5.1,5.26,4.96,5.1,-0.08,-1.54%,126275
PICT,0833,"ALLSHR,KMIALLSHR",44.95,44.8,45.5,43.26,43.6,-1.35,-3.00%,122467
IREIT,0836,"ALLSHR,KMIALLSHR",7.99,8.0,8.08,7.95,8.04,0.05,0.63%,120441
FCIBL,0813,ALLSHR,32.08,34.5,35.29,33.5,35.29,3.21,10.01%,119223
MCB,0807,"ALLSHR,BKTI,JSGBKTI,KSE100,KSE100PR,KSE30,NBPPGI,NITPGI,PSXDIV20",405.27,405.0,405.0,398.0,400.17,-5.1,-1.26%,117847
TGL,0811,"ALLSHR,KMIALLSHR,KSE100,KSE100PR",180.95,181.9,182.0,178.0,180.29,-0.66,-0.36%,114213
LSEVL,0813,ALLSHR,12.69,12.31,12.99,12.31,12.55,-0.14,-1.10%,113962
NICL,0805,ALLSHR,261.0,261.0,264.75,259.0,261.34,0.34,0.13%,108325
SPEL,0822,"ALLSHR,KMIALLSHR",44.44,44.5,44.75,44.15,44.58,0.14,0.32%,108267
RUBYNC,0830,"ALLSHR,KMIALLSHR",22.91,22.91,24.7,22.91,23.85,0.94,4.10%,106201
ABLXD,0807,"ALLSHR,KSE100,KSE100PR",169.53,169.55,171.1,169.55,170.34,0.81,0.48%,105280
ALAC,0812,ALLSHR,19.91,20.24,20.24,19.76,19.98,0.07,0.35%,104596
MFL,0810,"ALLSHR,KMIALLSHR",40.54,40.52,41.0,40.01,40.11,-0.43,-1.06%,102672
SPAC2,0813,ALLSHR,13.5,13.78,14.25,13.5,13.85,0.35,2.59%,97578
FTSM,0819,"ALLSHR,KMIALLSHR",48.87,47.99,48.5,43.98,45.51,-3.36,-6.88%,97442
KML,0829,ALLSHR,9.46,9.2,9.4,9.1,9.1,-0.36,-3.80%,95966
GUSMWU,0830,ALLSHR,8.88,8.7,9.88,8.7,8.87,-0.01,-0.11%,95438
WAHDAT,0810,"ALLSHR,KMIALLSHR",15.78,15.89,15.89,15.51,15.66,-0.12,-0.76%,94849
ECOP,0818,"ALLSHR,KMIALLSHR",48.5,48.0,49.25,47.02,49.16,0.66,1.36%,93497
ICL,0805,"ALLSHR,KMIALLSHR",134.06,134.9,135.49,130.05,133.91,-0.15,-0.11%,93362
TCORP,0826,"ALLSHR,KMIALLSHR",20.07,20.01,20.49,19.0,19.77,-0.3,-1.49%,93080
MSCL,0808,"ALLSHR,KMIALLSHR",23.52,23.8,23.8,22.51,23.28,-0.24,-1.02%,92480
QUICE,0810,"ALLSHR,KMIALLSHR",30.45,30.45,30.45,29.49,29.54,-0.91,-2.99%,91575
IMS,0813,ALLSHR,20.8,20.3,21.35,20.3,20.49,-0.31,-1.49%,89621
PTL,0802,"ALLSHR,KMIALLSHR",54.65,54.98,55.0,54.2,54.28,-0.37,-0.68%,88948
AKDSL,0813,ALLSHR,37.18,37.02,37.8,37.01,37.58,0.4,1.08%,86877
LPL,0824,ALLSHR,21.02,20.67,21.19,20.65,21.02,0.0,0.00%,85676
TATM,0830,"ALLSHR,KMIALLSHR",172.6,172.1,172.44,166.0,167.91,-4.69,-2.72%,84745
CTM,0830,ALLSHR,6.74,6.86,6.9,6.6,6.66,-0.08,-1.19%,81186
KOHE,0824,"ALLSHR,KMIALLSHR",15.7,15.56,15.83,15.51,15.56,-0.14,-0.89%,78316
RPL,0822,"ALLSHR,KMIALLSHR",16.04,16.01,16.24,15.98,16.09,0.05,0.31%,78168
BFAGRO,0810,"ALLSHR,KMIALLSHR",33.03,33.03,33.38,32.92,33.04,0.01,0.03%,77945
CHCC,0804,"ALLSHR,KMIALLSHR,KSE100,KSE100PR,MII30",302.27,307.0,307.0,302.01,302.51,0.24,0.08%,77564
HALEON,0823,"ALLSHR,KMIALLSHR,KSE100,KSE100PR",714.69,715.0,756.0,709.0,719.51,4.82,0.67%,77485
786,0813,ALLSHR,23.08,23.01,23.48,21.02,23.19,0.11,0.48%,76664
MTL,0801,"ACI,ALLSHR,KMIALLSHR,KSE100,KSE100PR,MII30,PSXDIV20",301.45,301.99,304.8,300.05,301.7,0.25,0.08%,72687
RICL,0812,ALLSHR,12.3,12.26,12.5,11.97,12.24,-0.06,-0.49%,71978
GAMONNC,0818,ALLSHR,23.41,23.98,23.98,21.3,22.31,-1.1,-4.70%,71947
LCI,0805,"ALLSHR,KMIALLSHR,KSE100,KSE100PR",220.5,221.0,221.0,217.01,219.34,-1.16,-0.53%,71774
MQTM,0830,"ALLSHR,KMIALLSHR",30.35,30.44,30.44,27.52,28.86,-1.49,-4.91%,69412
DOL,0805,"ALLSHR,KMIALLSHR",29.79,29.5,30.18,29.5,29.97,0.18,0.60%,68578
AGSML,0826,ALLSHR,8.77,8.71,9.0,8.71,8.87,0.1,1.14%,66159
PIM,0819,"ALLSHR,KMIALLSHR",58.27,54.0,57.49,52.44,52.44,-5.83,-10.00%,65463
SHDT,0830,"ALLSHR,KMIALLSHR",57.2,57.95,57.95,56.12,56.99,-0.21,-0.37%,64828
SRR,0836,"ALLSHR,KMIALLSHR",16.67,16.7,16.85,16.4,16.72,0.05,0.30%,64808
AGL,0809,ALLSHR,45.56,45.56,45.57,44.51,45.35,-0.21,-0.46%,63482
MERIT,0822,"ALLSHR,KMIALLSHR",9.65,9.99,10.0,9.51,9.66,0.01,0.10%,62642
PABC,0818,"ALLSHR,KSE100,KSE100PR",99.99,100.0,100.01,97.0,99.15,-0.84,-0.84%,62284
IBLHL,0823,"ALLSHR,KMIALLSHR",46.52,46.48,47.0,46.05,46.45,-0.07,-0.15%,61690
AHL,0813,ALLSHR,135.22,135.52,136.5,134.49,134.61,-0.61,-0.45%,61290
JATM,0830,"ALLSHR,KMIALLSHR",39.49,40.0,41.8,38.55,39.42,-0.07,-0.18%,60292
DIIL,0818,ALLSHR,66.01,72.49,72.61,69.0,72.61,6.6,10.00%,59826
SAZEW,0801,"ACI,ALLSHR,KMI30,KMIALLSHR,KSE100,KSE100PR,KSE30,MII30",1883.76,1883.76,1897.87,1880.0,1883.57,-0.19,-0.01%,59457
JSCL,0813,ALLSHR,22.2,22.75,22.75,22.0,22.01,-0.19,-0.86%,57178
KOIL,0829,ALLSHR,40.42,40.95,41.39,40.01,40.23,-0.19,-0.47%,56465
APL,0821,"ALLSHR,KSE100,KSE100PR,PSXDIV20",584.3,586.77,590.89,585.0,589.49,5.19,0.89%,56161
DAAG,0805,"ALLSHR,KMIALLSHR",91.16,88.01,100.28,88.01,100.28,9.12,10.00%,55241
SHNI,0812,ALLSHR,8.71,8.97,8.97,8.56,8.65,-0.06,-0.69%,54529
FECTC,0804,"ALLSHR,KMIALLSHR",106.55,107.54,109.0,106.0,106.1,-0.45,-0.42%,54521
ARUJNC,0829,ALLSHR,11.96,11.99,11.99,11.22,11.71,-0.25,-2.09%,53715
KOHTM,0830,"ALLSHR,KMIALLSHR",121.17,124.5,124.5,119.0,120.93,-0.24,-0.20%,52453
MEHT,0829,"ALLSHR,KMIALLSHR,KSE100,KSE100PR",141.41,141.98,142.45,140.0,140.51,-0.9,-0.64%,51505
LEUL,0816,"ALLSHR,KMIALLSHR",59.52,65.47,65.47,65.47,65.47,5.95,10.00%,51026
KSBP,0808,"ALLSHR,KMIALLSHR",233.69,238.0,238.0,229.5,230.65,-3.04,-1.30%,50799
DLL,0813,ALLSHR,50.79,50.4,50.99,49.8,49.94,-0.85,-1.67%,50327
ACPL,0804,"ALLSHR,KMIALLSHR",233.03,235.0,235.0,233.0,233.97,0.94,0.40%,48994
FML,0829,"ALLSHR,KMIALLSHR",49.74,50.94,51.5,49.6,50.08,0.34,0.68%,48936
TPLL,0812,ALLSHR,20.94,20.8,21.23,20.62,20.81,-0.13,-0.62%,48608
HGFA,0806,"ALLSHR,KSE100,KSE100PR",14.66,14.94,14.94,14.3,14.5,-0.16,-1.09%,47773
SRVI,0816,"ALLSHR,KMIALLSHR,KSE100,KSE100PR,MII30",199.53,199.98,200.98,193.0,196.08,-3.45,-1.73%,47206
ARCTM,0830,"ALLSHR,KMIALLSHR",43.58,44.98,45.0,41.1,42.32,-1.26,-2.89%,46749
AATM,0830,ALLSHR,66.5,65.1,69.3,60.1,62.48,-4.02,-6.04%,45202
GRYL,0815,ALLSHR,22.18,23.0,23.35,21.0,21.84,-0.34,-1.53%,44967
HTL,0821,"ALLSHR,KMIALLSHR",40.34,40.7,40.7,40.08,40.2,-0.14,-0.35%,44481
FECM,0819,"ALLSHR,KMIALLSHR",27.72,28.84,28.98,25.65,27.07,-0.65,-2.34%,44249
MUGHALC,0808,ALLSHR,61.98,60.01,66.99,58.36,61.98,0.0,0.00%,43151
EMCO,0803,"ALLSHR,KMIALLSHR",43.54,43.89,44.85,43.0,43.33,-0.21,-0.48%,41666
BUXL,0805,"ALLSHR,KMIALLSHR",842.52,919.99,926.77,915.0,926.77,84.25,10.00%,40411
BRRG,0838,"ALLSHR,KMIALLSHR",44.1,44.5,46.0,44.5,45.9,1.8,4.08%,39892
JLICLXDXB,0812,ALLSHR,116.05,117.5,121.98,115.5,116.22,0.17,0.15%,39580
ZTL,0831,"ALLSHR,KMIALLSHR",16.66,16.7,16.99,16.25,16.49,-0.17,-1.02%,37198
UVIC,0812,ALLSHR,19.07,19.5,20.98,19.0,19.85,0.78,4.09%,35716
UBDL,0818,"ALLSHR,KMIALLSHR",29.42,29.5,31.0,28.01,28.14,-1.28,-4.35%,35348
FEM,0819,"ALLSHR,KMIALLSHR",11.81,11.8,11.98,11.32,11.48,-0.33,-2.79%,34439
UDLI,0818,"ALLSHR,KMIALLSHR",17.99,18.19,18.19,17.9,17.94,-0.05,-0.28%,30888
ORM,0819,"ALLSHR,KMIALLSHR",11.35,11.42,11.44,11.2,11.29,-0.06,-0.53%,30869
CENIXD,0812,ALLSHR,58.06,57.0,57.9,55.21,55.84,-2.22,-3.82%,30492
THALL,0802,"ALLSHR,KSE100,KSE100PR",571.47,580.0,580.0,560.0,563.21,-8.26,-1.44%,28370
PKGP,0824,ALLSHR,38.93,38.91,39.5,37.5,38.8,-0.13,-0.33%,28350
STCL,0811,"ALLSHR,KMIALLSHR",10.31,10.3,10.3,10.05,10.08,-0.23,-2.23%,28003
SKRSNC,0826,"ALLSHR,KMIALLSHR",28.41,28.98,28.98,27.61,27.8,-0.61,-2.15%,27158
FHAM,0819,"ALLSHR,KMIALLSHR,KSE100,KSE100PR",32.63,32.65,32.9,32.25,32.5,-0.13,-0.40%,26720
SLYTWU,0830,ALLSHR,17.57,18.5,18.98,16.8,18.12,0.55,3.13%,26077
DWTMWU,0830,ALLSHR,10.56,10.98,10.98,10.0,10.0,-0.56,-5.30%,25888
RUPL,0827,"ALLSHR,KMIALLSHR",31.55,32.0,32.0,31.06,31.1,-0.45,-1.43%,25805
SHFA,0818,"ALLSHR,KMIALLSHR,KSE100,KSE100PR",484.61,484.61,520.0,479.33,480.08,-4.53,-0.93%,25520
PIOC,0804,"ALLSHR,KMIALLSHR,KSE100,KSE100PR",258.48,258.98,259.99,257.7,257.93,-0.55,-0.21%,25138
INIL,0808,"ALLSHR,KMIALLSHR,KSE100,KSE100PR",170.2,172.2,172.2,169.05,169.28,-0.92,-0.54%,24650
EFUGXD,0812,ALLSHR,127.99,128.8,134.9,122.01,129.86,1.87,1.46%,24554
JSGBETF,0837,,41.48,41.09,41.31,41.0,41.0,-0.48,-1.16%,24500
PPP,0822,"ALLSHR,KMIALLSHR",139.14,138.01,144.0,138.01,142.37,3.23,2.32%,23468
KOHP,0824,ALLSHR,22.05,23.47,23.47,21.85,22.05,0.0,0.00%,23247
PGLC,0815,"ALLSHR,KSE100,KSE100PR",16.17,16.06,16.65,15.78,16.38,0.21,1.30%,21398
ARPAK,0818,ALLSHR,172.88,176.98,184.4,155.8,179.16,6.28,3.63%,21146
HUSI,0838,ALLSHR,51.18,51.18,51.8,50.0,50.0,-1.18,-2.31%,20262
SCBPL,0807,"ALLSHR,KSE100,KSE100PR",67.76,67.74,68.0,65.98,67.67,-0.09,-0.13%,19947
JSML,0826,"ALLSHR,KMIALLSHR",57.23,57.0,57.5,55.3,56.46,-0.77,-1.34%,19415
HBLTETF,0837,,105.49,105.64,105.8,105.54,105.54,0.05,0.05%,18800
NEXT,0813,ALLSHR,14.19,14.1,14.9,13.02,14.49,0.3,2.11%,18355
CJPLWU,0814,ALLSHR,17.5,17.5,17.9,17.01,17.5,0.0,0.00%,18286
UNIC,0812,ALLSHR,11.87,11.87,12.0,11.8,11.8,-0.07,-0.59%,17981
DEL,0813,ALLSHR,19.82,19.67,19.75,19.6,19.69,-0.13,-0.66%,17647
PASMNC,0829,ALLSHR,8.95,9.11,9.15,8.86,9.1,0.15,1.68%,17495
PILNC,0812,ALLSHR,5.04,5.53,5.6,5.02,5.23,0.19,3.77%,17345
MIRKS,0826,"ALLSHR,KMIALLSHR",32.79,33.9,33.9,32.5,32.6,-0.19,-0.58%,17279
ATIL,0812,ALLSHR,79.17,79.5,79.85,78.35,79.07,-0.1,-0.13%,16378
AGIC,0812,ALLSHR,40.89,41.5,42.45,40.53,41.0,0.11,0.27%,16151
BWCLXD,0804,"ALLSHR,KSE100,KSE100PR",483.99,483.99,486.94,483.0,483.47,-0.52,-0.11%,16131
TRIPF,0818,ALLSHR,139.19,141.5,141.99,137.65,138.46,-0.73,-0.52%,15932
PRWM,0831,ALLSHR,67.77,66.5,67.99,65.0,66.0,-1.77,-2.61%,15921
NITGETFXD,0837,,37.02,37.39,37.55,37.2,37.4,0.38,1.03%,15500
SAIF,0830,ALLSHR,46.2,46.98,46.98,45.0,45.9,-0.3,-0.65%,15264
INDU,0801,"ALLSHR,KSE100,KSE100PR",1928.89,1938.89,1950.0,1923.0,1929.67,0.78,0.04%,15224
SERT,0830,"ALLSHR,KMIALLSHR",43.68,45.39,45.39,43.0,43.8,0.12,0.27%,14808
HINOON,0823,"ALLSHR,KMIALLSHR,KSE100,KSE100PR",934.86,935.0,950.0,927.0,928.47,-6.39,-0.68%,14626
GATI,0827,"ALLSHR,KMIALLSHR",93.5,94.49,94.5,93.26,93.65,0.15,0.16%,14604
OML,0818,"ALLSHR,KMIALLSHR",87.99,88.0,88.95,85.0,86.1,-1.89,-2.15%,14131
ICCI,0831,"ALLSHR,KMIALLSHR",15.06,15.0,15.6,14.5,14.58,-0.48,-3.19%,14085
JSGCL,0813,ALLSHR,174.1,160.1,172.89,160.0,167.25,-6.85,-3.94%,13632
ANTM,0829,"ALLSHR,KMIALLSHR",69.93,72.9,76.92,70.05,76.92,6.99,10.00%,13498
SEPL,0822,ALLSHR,156.73,156.5,156.5,154.55,154.91,-1.82,-1.16%,13326
TCORPCPS,0826,ALLSHR,10.83,11.0,11.0,10.12,10.84,0.01,0.09%,13299
PRET,0830,ALLSHR,500.0,500.0,510.0,496.0,496.67,-3.33,-0.67%,12443
SSOM,0834,"ALLSHR,KMIALLSHR,KSE100,KSE100PR",456.35,462.0,462.0,450.0,452.0,-4.35,-0.95%,12406
LPGL,0805,"ALLSHR,KMIALLSHR",96.81,96.0,96.4,92.0,93.68,-3.13,-3.23%,12081
JGICL,0812,ALLSHR,78.88,78.01,78.87,78.01,78.14,-0.74,-0.94%,11831
MWMP,0818,"ALLSHR,KMIALLSHR",56.19,59.0,59.0,56.35,57.99,1.8,3.20%,11785
SPLNC,0805,"ALLSHR,KMIALLSHR",50.55,48.03,50.97,48.03,49.41,-1.14,-2.25%,11450
ASHT,0831,"ALLSHR,KMIALLSHR",38.39,37.51,40.19,37.5,39.12,0.73,1.90%,10888
CCM,0830,"ALLSHR,KMIALLSHR",46.42,46.0,46.9,45.0,45.01,-1.41,-3.04%,10565
TSPL,0824,ALLSHR,16.37,16.99,16.99,16.05,16.41,0.04,0.24%,10526
DINT,0830,"ALLSHR,KMIALLSHR",60.38,60.99,61.85,58.1,60.4,0.02,0.03%,10332
ASLPS,0808,ALLSHR,25.49,28.0,28.0,25.5,25.61,0.12,0.47%,10310
STYLERS,0839,"ALLSHR,KMIALLSHR",51.27,51.3,52.9,48.01,51.46,0.19,0.37%,10242
AGTL,0801,"ALLSHR,KMIALLSHR",360.78,361.9,363.89,357.0,358.22,-2.56,-0.71%,10218
IMLNC,0813,ALLSHR,28.05,26.1,27.59,25.6,25.6,-2.45,-8.73%,10075
SARC,0805,"ALLSHR,KMIALLSHR",87.53,91.0,91.0,86.51,90.51,2.98,3.41%,9817
SSMLNC,0830,"ALLSHR,KMIALLSHR",22.96,24.25,24.95,22.81,23.4,0.44,1.92%,9576
SEL,0824,"ALLSHR,KMIALLSHR",27.19,27.32,28.83,27.19,27.2,0.01,0.04%,9158
DADX,0808,"ALLSHR,KMIALLSHR",103.4,107.89,107.89,95.13,99.39,-4.01,-3.88%,9123
HABSM,0826,ALLSHR,81.1,80.02,81.0,80.0,80.0,-1.1,-1.36%,9123
NONS,0826,"ALLSHR,KMIALLSHR",83.59,82.71,85.0,82.71,84.84,1.25,1.50%,9030
BOK,0807,ALLSHR,30.06,30.08,32.4,30.07,30.42,0.36,1.20%,8905
ICIBL,0813,ALLSHR,17.77,18.3,18.3,17.3,17.77,0.0,0.00%,8690
PPVCNC,0805,ALLSHR,27.22,28.15,28.99,25.44,28.58,1.36,5.00%,8557
TSMF,0806,ALLSHR,16.08,16.0,16.5,15.69,15.97,-0.11,-0.68%,8403
OTSU,0823,"ALLSHR,KMIALLSHR",417.14,420.0,424.0,410.0,410.67,-6.47,-1.55%,8400
GVGL,0811,"ALLSHR,KMIALLSHR",54.45,54.5,54.67,53.76,53.76,-0.69,-1.27%,8096
SMCPL,0804,"ALLSHR,KMIALLSHR",40.18,40.7,40.7,40.3,40.4,0.22,0.55%,8058
MRNS,0826,"ALLSHR,KMIALLSHR",61.79,62.73,62.73,60.75,61.0,-0.79,-1.28%,7327
PCAL,0803,ALLSHR,183.18,183.18,185.17,180.0,180.43,-2.75,-1.50%,7269
MACTER,0823,"ALLSHR,KMIALLSHR",270.98,273.98,273.98,265.0,268.86,-2.12,-0.78%,7258
NBPGETFXD,0837,,27.71,27.67,27.67,27.34,27.34,-0.37,-1.33%,7000
EFULXD,0812,ALLSHR,159.42,159.07,162.0,158.01,158.3,-1.12,-0.70%,6759
DWSMNC,0826,"ALLSHR,KMIALLSHR",6.71,6.63,6.9,6.62,6.64,-0.07,-1.04%,6701
BWHL,0802,"ALLSHR,KMIALLSHR",234.34,233.0,235.0,229.0,230.1,-4.24,-1.81%,6523
GEMPAPL,0822,"ALLSHR,KMIALLSHR",10.5,10.5,10.5,10.5,10.5,0.0,0.00%,6500
CLCPS,0829,ALLSHR,3.5,3.37,3.6,3.35,3.58,0.08,2.29%,6314
ALIFE,0812,ALLSHR,32.67,33.5,33.5,32.4,32.78,0.11,0.34%,6235
PAKOXY,0805,"ALLSHR,KMIALLSHR",332.57,349.65,349.65,330.0,333.95,1.38,0.42%,6132
TICL,0826,"ALLSHR,KMIALLSHR",1339.4,1349.98,1349.98,1205.46,1205.46,-133.94,-10.00%,6100
TPLI,0812,ALLSHR,55.96,55.96,58.0,55.96,57.0,1.04,1.86%,6039
GADT,0830,"ALLSHR,KMIALLSHR,KSE100,KSE100PR",329.58,327.0,330.0,323.0,323.89,-5.69,-1.73%,5726
PAKT,0832,"ALLSHR,KSE100,KSE100PR",1390.43,1399.0,1399.0,1380.0,1390.54,0.11,0.01%,5551
AKGL,0818,"ALLSHR,KMIALLSHR",56.93,56.93,61.78,52.1,57.0,0.07,0.12%,5416
COLG,0810,"ALLSHR,KMIALLSHR,KSE100,KSE100PR,MII30",1198.02,1182.0,1215.0,1182.0,1199.71,1.69,0.14%,5336
FLYNG,0804,"ALLSHR,KMIALLSHR",41.6,41.94,41.94,41.5,41.56,-0.04,-0.10%,5235
JSRR,0836,ALLSHR,10.6,10.6,10.8,10.5,10.8,0.2,1.89%,5192
BPL,0821,"ALLSHR,KMIALLSHR",50.61,50.99,51.0,50.5,51.0,0.39,0.77%,4921
ANSM,0826,ALLSHR,26.14,25.11,26.94,25.11,26.02,-0.12,-0.46%,4772
JKSM,0830,ALLSHR,332.0,299.2,355.0,299.2,347.84,15.84,4.77%,4662
NCMLNC,0830,"ALLSHR,KMIALLSHR",16.03,16.03,16.55,15.62,16.06,0.03,0.19%,4625
GEMPACRA,0818,"ALLSHR,KMIALLSHR",39.0,35.11,35.11,35.1,35.11,-3.89,-9.97%,4500
ACIETFXD,0837,,17.44,17.36,17.38,17.29,17.3,-0.14,-0.80%,4500
JSIL,0813,ALLSHR,45.87,41.5,44.95,41.5,42.51,-3.36,-7.32%,4426
HINO,0801,"ALLSHR,KMIALLSHR",348.49,350.0,350.0,340.0,342.63,-5.86,-1.68%,4287
GEMMEL,0824,"ALLSHR,KMIALLSHR",31.77,34.91,34.95,31.02,34.85,3.08,9.70%,4255
PNSC,0833,ALLSHR,509.27,509.0,514.98,506.0,506.03,-3.24,-0.64%,3925
SZTM,0830,"ALLSHR,KMIALLSHR",94.54,90.05,94.0,90.0,92.01,-2.53,-2.68%,3866
ZAHID,0829,"ALLSHR,KMIALLSHR",70.25,68.22,70.0,68.22,69.89,-0.36,-0.51%,3802
PKGS,0822,"ALLSHR,KMIALLSHR,KSE100,KSE100PR",790.97,782.01,793.99,772.0,776.58,-14.39,-1.82%,3491
MCBIM,0813,ALLSHR,164.0,163.0,165.0,161.0,164.86,0.86,0.52%,3427
ASLCPS,0808,ALLSHR,121.76,121.76,121.76,110.0,110.0,-11.76,-9.66%,3325
PAKD,0828,"ALLSHR,KMIALLSHR",126.0,128.1,128.1,123.6,124.87,-1.13,-0.90%,3244
SHCM,0830,"ALLSHR,KMIALLSHR",61.11,59.5,63.97,59.5,60.12,-0.99,-1.62%,3204
SHJS,0826,ALLSHR,148.02,148.01,148.01,145.01,145.05,-2.97,-2.01%,3117
ARPL,0805,"ALLSHR,KMIALLSHR",432.6,432.6,432.6,427.11,427.63,-4.97,-1.15%,2855
STML,0829,"ALLSHR,KMIALLSHR",50.03,51.0,52.99,48.0,49.55,-0.48,-0.96%,2837
QUETNC,0829,"ALLSHR,KMIALLSHR",15.48,15.48,15.8,15.0,15.08,-0.4,-2.58%,2758
CHAS,0826,"ALLSHR,KMIALLSHR",85.01,84.61,85.11,83.5,84.4,-0.61,-0.72%,2553
ATBA,0802,"ALLSHR,KMIALLSHR",180.64,180.64,182.95,180.0,181.04,0.4,0.22%,2523
FEROZ,0823,"ALLSHR,KMIALLSHR",355.73,355.0,357.5,352.0,356.98,1.25,0.35%,2507
PAKL,0816,ALLSHR,56.29,56.29,57.0,55.31,56.97,0.68,1.21%,2358
IDRT,0830,"ALLSHR,KMIALLSHR",37.61,37.53,38.49,37.48,37.93,0.32,0.85%,2303
SHEZ,0810,ALLSHR,235.28,231.0,236.0,230.01,234.76,-0.52,-0.22%,2296
REDCO,0829,"ALLSHR,KMIALLSHR",30.67,30.88,30.88,29.8,29.93,-0.74,-2.41%,2276
SURC,0829,"ALLSHR,KMIALLSHR",147.3,146.75,148.9,145.0,147.13,-0.17,-0.11%,2263
LIVEN,0823,"ALLSHR,KMIALLSHR",33.5,33.98,33.98,33.41,33.65,0.15,0.45%,2260
HAEL,0829,"ALLSHR,KMIALLSHR",27.88,27.88,27.88,26.5,26.59,-1.29,-4.63%,2242
EXIDE,0802,"ALLSHR,KMIALLSHR",480.24,484.9,484.9,472.11,477.33,-2.91,-0.61%,2178
GFIL,0829,"ALLSHR,KMIALLSHR",29.37,30.1,30.1,29.0,29.0,-0.37,-1.26%,2086
BAFS,0826,"ALLSHR,KMIALLSHR",500.94,510.35,519.99,452.2,518.45,17.51,3.50%,2030
SUTM,0830,ALLSHR,120.19,118.0,121.9,117.5,119.42,-0.77,-0.64%,1818
KPUS,0826,"ALLSHR,KMIALLSHR",868.62,855.0,867.9,845.0,851.03,-17.59,-2.02%,1752
UDPL,0818,"ALLSHR,KMIALLSHR",120.14,120.0,120.14,118.12,119.59,-0.55,-0.46%,1743
MFFL,0810,"ALLSHR,KMIALLSHR",174.86,175.0,175.0,173.0,173.51,-1.35,-0.77%,1688
BATA,0816,"ALLSHR,KMIALLSHR",888.87,882.0,888.0,876.0,879.91,-8.96,-1.01%,1656
SITC,0805,"ALLSHR,KMIALLSHR",756.94,760.0,765.0,755.0,757.64,0.7,0.09%,1460
SNAI,0830,"ALLSHR,KMIALLSHR",37.53,38.88,38.88,36.5,36.88,-0.65,-1.73%,1442
KSTMNC,0830,"ALLSHR,KMIALLSHR",12.58,12.51,12.98,12.51,12.97,0.39,3.10%,1418
IDYM,0830,ALLSHR,136.05,134.51,137.0,134.51,134.99,-1.06,-0.78%,1411
DMC,0830,"ALLSHR,KMIALLSHR",176.49,176.6,183.9,172.01,176.67,0.18,0.10%,1338
WAHN,0805,"ALLSHR,KMIALLSHR",276.0,283.0,283.0,272.01,272.16,-3.84,-1.39%,1322
ATLH,0801,"ALLSHR,KSE100,KSE100PR",1591.75,1598.96,1598.97,1590.0,1594.02,2.27,0.14%,1300
DWAENC,0802,ALLSHR,22.78,23.29,23.29,22.51,22.6,-0.18,-0.79%,1288
GOC,0818,"ALLSHR,KMIALLSHR",167.98,170.0,174.78,168.0,173.78,5.8,3.45%,1188
MUREB,0810,"ALLSHR,KSE100,KSE100PR",936.22,936.22,940.99,925.01,925.01,-11.21,-1.20%,1151
ADAMS,0826,"ALLSHR,KMIALLSHR",67.62,69.56,69.89,64.51,65.27,-2.35,-3.48%,1150
JDMT,0830,"ALLSHR,KMIALLSHR",139.89,144.8,144.8,135.05,136.16,-3.73,-2.67%,1047
OLPM,0819,"ALLSHR,KMIALLSHR",24.94,25.99,25.99,24.91,25.87,0.93,3.73%,1022
BNWM,0835,"ALLSHR,KMIALLSHR,KSE100,KSE100PR",66.01,67.45,67.89,66.37,67.41,1.4,2.12%,917
DYNO,0805,"ALLSHR,KMIALLSHR",349.02,348.0,351.5,348.0,350.75,1.73,0.50%,893
ANLNV,0829,ALLSHR,7.6,6.7,8.6,6.7,7.33,-0.27,-3.55%,853
PSYL,0827,"ALLSHR,KMIALLSHR",126.0,122.0,127.0,122.0,123.26,-2.74,-2.17%,852
CRTM,0829,"ALLSHR,KMIALLSHR",70.0,71.0,71.0,70.8,70.8,0.8,1.14%,772
ZIL,0810,"ALLSHR,KMIALLSHR",341.53,349.98,365.0,335.0,354.82,13.29,3.89%,713
AKDHL,0818,ALLSHR,148.1,151.0,155.99,150.0,150.94,2.84,1.92%,662
KHTC,0832,ALLSHR,305.01,306.0,310.0,306.0,310.0,4.99,1.64%,602
IDEAL,0830,"ALLSHR,KMIALLSHR",50.58,49.01,49.01,49.01,49.01,-1.57,-3.10%,591
POML,0834,"ALLSHR,KMIALLSHR",161.93,158.0,160.02,155.1,156.62,-5.31,-3.28%,563
INKL,0839,"ALLSHR,KMIALLSHR",98.2,100.0,100.0,97.01,98.31,0.11,0.11%,551
ARMG,0813,ALLSHR,56.13,61.0,61.0,57.33,58.59,2.46,4.38%,540
STJT,0831,"ALLSHR,KMIALLSHR",175.97,184.49,184.49,167.0,175.87,-0.1,-0.06%,502
IGIL,0812,ALLSHR,19.49,19.5,19.5,19.5,19.5,0.01,0.05%,500
SMLNC,0826,"ALLSHR,KMIALLSHR",90.51,99.56,99.56,89.0,95.81,5.3,5.86%,493
HWQSNC,0826,ALLSHR,19.32,18.14,19.47,18.14,19.32,0.0,0.00%,483
FZCM,0829,"ALLSHR,KMIALLSHR",252.6,254.89,256.9,254.89,255.0,2.4,0.95%,461
SANSM,0826,"ALLSHR,KMIALLSHR",126.3,126.99,127.0,122.12,122.2,-4.1,-3.25%,439
GCWLPRS,0805,ALLSHR,119.83,108.05,108.05,107.85,107.85,-11.98,-10.00%,420
ESBLNC,0813,ALLSHR,10.3,10.49,10.49,10.3,10.3,0.0,0.00%,410
BELANC,0802,ALLSHR,55.81,55.5,58.5,55.5,55.81,0.0,0.00%,364
ELSM,0830,"ALLSHR,KMIALLSHR",151.38,141.55,158.0,141.55,155.52,4.14,2.74%,339
TSML,0826,ALLSHR,501.1,501.09,551.21,481.0,496.96,-4.14,-0.83%,304
GEMBCEM,0819,"ALLSHR,KMIALLSHR",11.02,11.6,11.6,11.6,11.3,0.28,2.54%,300
SASML,0826,"ALLSHR,KMIALLSHR",350.0,340.0,359.0,333.01,333.96,-16.04,-4.58%,282
FRCL,0811,"ALLSHR,KMIALLSHR",98.32,97.89,97.89,94.5,98.32,0.0,0.00%,255
SUHJNC,0814,"ALLSHR,KMIALLSHR",181.0,185.0,185.0,163.2,172.94,-8.06,-4.45%,216
IBFL,0827,"ALLSHR,KMIALLSHR,KSE100,KSE100PR",267.68,267.68,275.0,261.0,261.74,-5.94,-2.22%,209
NATM,0830,"ALLSHR,KMIALLSHR",75.01,80.0,80.0,79.96,75.01,0.0,0.00%,204
NESTLE,0810,"ALLSHR,KMIALLSHR,KSE100,KSE100PR",7473.54,7457.12,7574.99,7457.12,7532.76,59.22,0.79%,200
FILNC,0816,"ALLSHR,KMIALLSHR",213.03,210.0,210.01,210.0,213.03,0.0,0.00%,190
PECONC,0808,ALLSHR,678.58,670.0,680.0,660.0,669.25,-9.33,-1.37%,183
FCELNC,0813,ALLSHR,4.91,4.88,5.15,4.88,4.91,0.0,0.00%,167
SIEM,0803,"ALLSHR,KMIALLSHR",1585.0,1560.0,1585.0,1542.0,1553.01,-31.99,-2.02%,157
PSEL,0818,"ALLSHR,KMIALLSHR,KSE100,KSE100PR",896.16,880.01,900.0,875.58,897.0,0.84,0.09%,157
AMBL,0813,ALLSHR,19.29,19.99,20.0,19.99,19.29,0.0,0.00%,153
AABS,0826,ALLSHR,815.28,828.0,828.9,810.0,815.11,-0.17,-0.02%,131
JUBSNC,0829,"ALLSHR,KMIALLSHR",46.6,49.0,49.0,46.6,46.6,0.0,0.00%,128
HPL,0823,"ALLSHR,KMIALLSHR",4079.93,4081.9,4090.0,4005.01,4042.76,-37.17,-0.91%,120
PMRS,0826,"ALLSHR,KMIALLSHR",435.18,435.18,435.18,423.0,429.0,-6.18,-1.42%,100
NSRM,0827,"ALLSHR,KMIALLSHR",211.85,215.0,215.0,215.0,211.85,0.0,0.00%,100
FASM,0829,"ALLSHR,KMIALLSHR",332.89,331.99,332.89,325.0,328.71,-4.18,-1.26%,86
REWM,0829,"ALLSHR,KMIALLSHR",165.06,173.9,173.9,172.98,165.06,0.0,0.00%,70
ALNRS,0826,"ALLSHR,KMIALLSHR",123.22,126.0,126.0,126.0,123.22,0.0,0.00%,69
POWERPS,0804,ALLSHR,28.03,28.4,28.4,28.3,28.29,0.26,0.93%,62
SIBL,0813,ALLSHR,7.09,7.2,7.2,7.09,7.09,0.0,0.00%,58
SFL,0829,ALLSHR,1136.26,1137.0,1137.01,1136.5,1136.91,0.65,0.06%,57
AHTM,0829,"ALLSHR,KMIALLSHR",101.5,98.0,98.03,98.0,101.5,0.0,0.00%,51
UPFL,0810,"ALLSHR,KMIALLSHR,KSE100,KSE100PR",25674.98,25972.0,25972.0,25537.0,25644.92,-30.06,-0.12%,50
FRSM,0826,"ALLSHR,KMIALLSHR",41.6,43.66,43.66,41.8,41.6,0.0,0.00%,47
SHSML,0826,"ALLSHR,KMIALLSHR",374.91,380.91,381.99,380.91,374.91,0.0,0.00%,45
ASIC,0812,ALLSHR,39.52,40.05,40.05,39.5,39.52,0.0,0.00%,30
ELCM,0830,"ALLSHR,KMIALLSHR",200.57,199.95,200.0,199.95,200.57,0.0,0.00%,28
PIAHCLB,0813,ALLSHR,17198.0,17175.0,17300.0,16606.0,17300.0,102.0,0.59%,26
KHYT,0829,"ALLSHR,KMIALLSHR",1944.26,1810.0,1940.35,1810.0,1907.21,-37.05,-1.91%,18
BHAT,0829,"ALLSHR,KMIALLSHR",819.53,820.0,820.0,820.0,819.53,0.0,0.00%,18
BTL,0829,"ALLSHR,KMIALLSHR",900.6,903.56,903.56,851.01,900.6,0.0,0.00%,17
JDWS,0826,"ALLSHR,KMIALLSHR,KSE100,KSE100PR",895.0,905.0,905.0,888.01,895.0,0.0,0.00%,16
ISIL,0810,"ALLSHR,KMIALLSHR",1864.0,1915.0,1915.0,1858.0,1864.0,0.0,0.00%,13
RMPL,0810,"ALLSHR,KMIALLSHR,KSE100,KSE100PR",9250.11,9252.01,9298.0,9252.0,9270.41,20.3,0.22%,12
SAPT,0829,"ALLSHR,KMIALLSHR",1440.31,1440.31,1445.01,1440.31,1440.31,0.0,0.00%,8
FIMM,0819,"ALLSHR,KMIALLSHR",219.15,210.0,210.0,209.72,219.15,0.0,0.00%,3
FSWLNC,0829,ALLSHR,153.57,153.57,153.57,153.57,153.57,0.0,0.00%,3
